Run,ReleaseDate,LoadDate,spots,bases,spots_with_mates,avgLength,size_MB,AssemblyName,download_path,Experiment,LibraryName,LibraryStrategy,LibrarySelection,LibrarySource,LibraryLayout,InsertSize,InsertDev,Platform,Model,SRAStudy,BioProject,Study_Pubmed_id,ProjectID,Sample,BioSample,SampleType,TaxID,ScientificName,SampleName,g1k_pop_code,source,g1k_analysis_group,Subject_ID,Sex,Disease,Tumor,Affection_Status,Analyte_Type,Histological_Type,Body_Site,CenterName,Submission,dbgap_study_accession,Consent,RunHash,ReadHash
SRR031758,"Dec 16, 2009","May 26, 2014",5597648,419823600,0,75,286,,http://sra-download.ncbi.nlm.nih.gov/srapub/SRR031758,SRX014479,S2_DRSC_CG5442_RNAi-1,RNA-Seq,cDNA,TRANSCRIPTOMIC,SINGLE,0,0,ILLUMINA,Illumina Genome Analyzer II,SRP001537,PRJNA168994,2,168994,SRS008467,SAMN00006293,simple,7227,Drosophila melanogaster,GSM461197,,,,,,,no,,,,,GEO,SRA010243,,public,3759449626F6E141CED8AD9B809F25CC,543DCD5AC6B0F0DA0BF7FB19621F9626
SRR031759,"Dec 16, 2009","May 26, 2014",11348041,851103075,0,75,577,,http://sra-download.ncbi.nlm.nih.gov/srapub/SRR031759,SRX014479,S2_DRSC_CG5442_RNAi-1,RNA-Seq,cDNA,TRANSCRIPTOMIC,SINGLE,0,0,ILLUMINA,Illumina Genome Analyzer II,SRP001537,PRJNA168994,2,168994,SRS008467,SAMN00006293,simple,7227,Drosophila melanogaster,GSM461197,,,,,,,no,,,,,GEO,SRA010243,,public,A1AC9E454F285D19DC976612961E7F48,AF5541CA36084AD38459EAA48749C881
SRR031760,"Dec 16, 2009","May 26, 2014",5900072,442505400,0,75,303,,http://sra-download.ncbi.nlm.nih.gov/srapub/SRR031760,SRX014480,S2_DRSC_CG10851_RNAi-1,RNA-Seq,cDNA,TRANSCRIPTOMIC,SINGLE,0,0,ILLUMINA,Illumina Genome Analyzer II,SRP001537,PRJNA168994,2,168994,SRS008468,SAMN00006294,simple,7227,Drosophila melanogaster,GSM461198,,,,,,,no,,,,,GEO,SRA010243,,public,9C74335EAE5279851684E672336E5805,DF1DB861C9C5EBAF89A48275277EE1CD
SRR031761,"Dec 16, 2009","May 26, 2014",7661879,574640925,0,75,388,,http://sra-download.ncbi.nlm.nih.gov/srapub/SRR031761,SRX014480,S2_DRSC_CG10851_RNAi-1,RNA-Seq,cDNA,TRANSCRIPTOMIC,SINGLE,0,0,ILLUMINA,Illumina Genome Analyzer II,SRP001537,PRJNA168994,2,168994,SRS008468,SAMN00006294,simple,7227,Drosophila melanogaster,GSM461198,,,,,,,no,,,,,GEO,SRA010243,,public,9305E662FF3F932B5AB91A5C60483DDF,CFA97BEF4A75CA2287A226C6F63E835E
SRR031762,"Dec 16, 2009","May 26, 2014",12418580,931393500,0,75,650,,http://sra-download.ncbi.nlm.nih.gov/srapub/SRR031762,SRX014481,S2_DRSC_CG18426_RNAi-1,RNA-Seq,cDNA,TRANSCRIPTOMIC,SINGLE,0,0,ILLUMINA,Illumina Genome Analyzer II,SRP001537,PRJNA168994,2,168994,SRS008469,SAMN00006295,simple,7227,Drosophila melanogaster,GSM461199,,,,,,,no,,,,,GEO,SRA010243,,public,B4D87F24BEDA05299039717E586C2421,6D25237B829F0D1B542891E945EA7720
SRR031763,"Dec 16, 2009","May 26, 2014",8416587,631244025,0,75,440,,http://sra-download.ncbi.nlm.nih.gov/srapub/SRR031763,SRX014481,S2_DRSC_CG18426_RNAi-1,RNA-Seq,cDNA,TRANSCRIPTOMIC,SINGLE,0,0,ILLUMINA,Illumina Genome Analyzer II,SRP001537,PRJNA168994,2,168994,SRS008469,SAMN00006295,simple,7227,Drosophila melanogaster,GSM461199,,,,,,,no,,,,,GEO,SRA010243,,public,11114597BC252D9E7090BBF82A19DABA,8B9754885E8D1051F9238EE28CA6F9D3
SRR031764,"Dec 16, 2009","May 26, 2014",10106573,757992975,0,75,517,,http://sra-download.ncbi.nlm.nih.gov/srapub/SRR031764,SRX014482,S2_DRSC_CG7971_RNAi-1,RNA-Seq,cDNA,TRANSCRIPTOMIC,SINGLE,0,0,ILLUMINA,Illumina Genome Analyzer II,SRP001537,PRJNA168994,2,168994,SRS008470,SAMN00006296,simple,7227,Drosophila melanogaster,GSM461200,,,,,,,no,,,,,GEO,SRA010243,,public,526D65A60AE3ADCE2E3A562ECA6A7973,C82A1177478D2E959B88930D87D08AEC
SRR031765,"Dec 16, 2009","May 26, 2014",7587607,569070525,0,75,396,,http://sra-download.ncbi.nlm.nih.gov/srapub/SRR031765,SRX014482,S2_DRSC_CG7971_RNAi-1,RNA-Seq,cDNA,TRANSCRIPTOMIC,SINGLE,0,0,ILLUMINA,Illumina Genome Analyzer II,SRP001537,PRJNA168994,2,168994,SRS008470,SAMN00006296,simple,7227,Drosophila melanogaster,GSM461200,,,,,,,no,,,,,GEO,SRA010243,,public,809FB0BE47AD8B312E5A1A6AC184491C,EEE5690C1897675362EC6F4BAC2953E5
SRR031766,"Dec 16, 2009","May 26, 2014",12627540,947065500,0,75,649,,http://sra-download.ncbi.nlm.nih.gov/srapub/SRR031766,SRX014483,S2_DRSC_CG10128_RNAi-1,RNA-Seq,cDNA,TRANSCRIPTOMIC,SINGLE,0,0,ILLUMINA,Illumina Genome Analyzer II,SRP001537,PRJNA168994,2,168994,SRS008471,SAMN00006297,simple,7227,Drosophila melanogaster,GSM461201,,,,,,,no,,,,,GEO,SRA010243,,public,F8748E73459C96043FFC61CBE8A05700,C20E1C8098FA76881F8D1B3DC00EC6C0
SRR031767,"Dec 16, 2009","May 26, 2014",7773913,583043475,0,75,399,,http://sra-download.ncbi.nlm.nih.gov/srapub/SRR031767,SRX014483,S2_DRSC_CG10128_RNAi-1,RNA-Seq,cDNA,TRANSCRIPTOMIC,SINGLE,0,0,ILLUMINA,Illumina Genome Analyzer II,SRP001537,PRJNA168994,2,168994,SRS008471,SAMN00006297,simple,7227,Drosophila melanogaster,GSM461201,,,,,,,no,,,,,GEO,SRA010243,,public,153BCFD127F0C052088FD8CF28C398EA,FC876397CA92B3A3FFE279E60FD9F1A9
SRR031768,"Dec 16, 2009","May 26, 2014",12401904,930142800,0,75,635,,http://sra-download.ncbi.nlm.nih.gov/srapub/SRR031768,SRX014484,S2_DRSC_CG31000_RNAi-1,RNA-Seq,cDNA,TRANSCRIPTOMIC,SINGLE,0,0,ILLUMINA,Illumina Genome Analyzer II,SRP001537,PRJNA168994,2,168994,SRS008472,SAMN00006298,simple,7227,Drosophila melanogaster,GSM461202,,,,,,,no,,,,,GEO,SRA010243,,public,2FC803BC7CE0FC454F8888D0AA6C75D5,445F3C5530AC72D151628F4A8061195C
SRR031769,"Dec 16, 2009","May 26, 2014",7930037,594752775,0,75,400,,http://sra-download.ncbi.nlm.nih.gov/srapub/SRR031769,SRX014484,S2_DRSC_CG31000_RNAi-1,RNA-Seq,cDNA,TRANSCRIPTOMIC,SINGLE,0,0,ILLUMINA,Illumina Genome Analyzer II,SRP001537,PRJNA168994,2,168994,SRS008472,SAMN00006298,simple,7227,Drosophila melanogaster,GSM461202,,,,,,,no,,,,,GEO,SRA010243,,public,4B6160C7A45D00590674CEE15D5D92D2,5A66B5B769D644F6761957705A4B7DC6
SRR031770,"Dec 16, 2009","May 26, 2014",13148076,986105700,0,75,685,,http://sra-download.ncbi.nlm.nih.gov/srapub/SRR031770,SRX014485,S2_DRSC_CG7437_RNAi-1,RNA-Seq,cDNA,TRANSCRIPTOMIC,SINGLE,0,0,ILLUMINA,Illumina Genome Analyzer II,SRP001537,PRJNA168994,2,168994,SRS008473,SAMN00006299,simple,7227,Drosophila melanogaster,GSM461203,,,,,,,no,,,,,GEO,SRA010243,,public,11981BB6E0E4942ACD0174841D88AE32,6716A0DFC1341562C04A0400CD155639
SRR031771,"Dec 16, 2009","May 26, 2014",8263953,619796475,0,75,424,,http://sra-download.ncbi.nlm.nih.gov/srapub/SRR031771,SRX014485,S2_DRSC_CG7437_RNAi-1,RNA-Seq,cDNA,TRANSCRIPTOMIC,SINGLE,0,0,ILLUMINA,Illumina Genome Analyzer II,SRP001537,PRJNA168994,2,168994,SRS008473,SAMN00006299,simple,7227,Drosophila melanogaster,GSM461203,,,,,,,no,,,,,GEO,SRA010243,,public,6B34EB6285658F5916C6758E95273701,F043D0FA589866205271418B26F41686
SRR031772,"Dec 16, 2009","May 26, 2014",13419254,1006444050,0,75,713,,http://sra-download.ncbi.nlm.nih.gov/srapub/SRR031772,SRX014486,S2_DRSC_CG1559_RNAi-1,RNA-Seq,cDNA,TRANSCRIPTOMIC,SINGLE,0,0,ILLUMINA,Illumina Genome Analyzer II,SRP001537,PRJNA168994,2,168994,SRS008474,SAMN00006300,simple,7227,Drosophila melanogaster,GSM461204,,,,,,,no,,,,,GEO,SRA010243,,public,5CB4065000DA1B371378BEAB77898C38,8BFBAA4AAFC4569A6AF555EEB50E1E8B
SRR031773,"Dec 16, 2009","May 26, 2014",8298375,622378125,0,75,422,,http://sra-download.ncbi.nlm.nih.gov/srapub/SRR031773,SRX014486,S2_DRSC_CG1559_RNAi-1,RNA-Seq,cDNA,TRANSCRIPTOMIC,SINGLE,0,0,ILLUMINA,Illumina Genome Analyzer II,SRP001537,PRJNA168994,2,168994,SRS008474,SAMN00006300,simple,7227,Drosophila melanogaster,GSM461204,,,,,,,no,,,,,GEO,SRA010243,,public,EFE616EEAAB62B13E3B41BF2F0C39D25,A4A0A014DFEE4442274020BF363A1585
SRR031774,"Dec 16, 2009","May 26, 2014",12430115,932258625,0,75,656,,http://sra-download.ncbi.nlm.nih.gov/srapub/SRR031774,SRX014487,S2_DRSC_CG5821_RNAi-1,RNA-Seq,cDNA,TRANSCRIPTOMIC,SINGLE,0,0,ILLUMINA,Illumina Genome Analyzer II,SRP001537,PRJNA168994,2,168994,SRS008475,SAMN00006301,simple,7227,Drosophila melanogaster,GSM461205,,,,,,,no,,,,,GEO,SRA010243,,public,102A25E226554D7777E47D88ACDEB25E,A365263F3A4E09506E5FA9C3601DC7C2
SRR031775,"Dec 16, 2009","May 26, 2014",8442045,633153375,0,75,427,,http://sra-download.ncbi.nlm.nih.gov/srapub/SRR031775,SRX014487,S2_DRSC_CG5821_RNAi-1,RNA-Seq,cDNA,TRANSCRIPTOMIC,SINGLE,0,0,ILLUMINA,Illumina Genome Analyzer II,SRP001537,PRJNA168994,2,168994,SRS008475,SAMN00006301,simple,7227,Drosophila melanogaster,GSM461205,,,,,,,no,,,,,GEO,SRA010243,,public,342764D5A294C46263EFFC6E5E8FBC08,FD1C9E3B7E36A9190E0EB07C3454864C
SRR031776,"Dec 16, 2009","May 26, 2014",8643616,648271200,0,75,452,,http://sra-download.ncbi.nlm.nih.gov/srapub/SRR031776,SRX014488,S2_DRSC_CG5836_RNAi-1,RNA-Seq,cDNA,TRANSCRIPTOMIC,SINGLE,0,0,ILLUMINA,Illumina Genome Analyzer II,SRP001537,PRJNA168994,2,168994,SRS008476,SAMN00006302,simple,7227,Drosophila melanogaster,GSM461206,,,,,,,no,,,,,GEO,SRA010243,,public,4EC49354DBC18081E2C26A12B1FCC0F5,B0B2D9E232394559F699CCE22CA947F2
SRR031777,"Dec 17, 2009","May 26, 2014",9690759,726806925,0,75,477,,http://sra-download.ncbi.nlm.nih.gov/srapub/SRR031777,SRX014488,S2_DRSC_CG5836_RNAi-1,RNA-Seq,cDNA,TRANSCRIPTOMIC,SINGLE,0,0,ILLUMINA,Illumina Genome Analyzer II,SRP001537,PRJNA168994,2,168994,SRS008476,SAMN00006302,simple,7227,Drosophila melanogaster,GSM461206,,,,,,,no,,,,,GEO,SRA010243,,public,B0C67C59F8FA644808A5FEFEFAEDB2E2,DDBC8655336AB22F2C02D48AC463411D
SRR031778,"Dec 16, 2009","May 26, 2014",8193864,614539800,0,75,429,,http://sra-download.ncbi.nlm.nih.gov/srapub/SRR031778,SRX014489,S2_DRSC_CG3249_RNAi-1,RNA-Seq,cDNA,TRANSCRIPTOMIC,SINGLE,0,0,ILLUMINA,Illumina Genome Analyzer II,SRP001537,PRJNA168994,2,168994,SRS008477,SAMN00006303,simple,7227,Drosophila melanogaster,GSM461207,,,,,,,no,,,,,GEO,SRA010243,,public,EDDBF21B58EAA8CF1ED24013862861BC,C6635999D99ADA4A9120C00F93E18B12
SRR031779,"Dec 16, 2009","May 26, 2014",8852300,663922500,0,75,449,,http://sra-download.ncbi.nlm.nih.gov/srapub/SRR031779,SRX014489,S2_DRSC_CG3249_RNAi-1,RNA-Seq,cDNA,TRANSCRIPTOMIC,SINGLE,0,0,ILLUMINA,Illumina Genome Analyzer II,SRP001537,PRJNA168994,2,168994,SRS008477,SAMN00006303,simple,7227,Drosophila melanogaster,GSM461207,,,,,,,no,,,,,GEO,SRA010243,,public,494D544F2CA71078D051317FBD0CFBD9,2987E1269A2907D8ECF180DA40C64F8F
SRR031780,"Dec 16, 2009","May 26, 2014",6319080,473931000,0,75,332,,http://sra-download.ncbi.nlm.nih.gov/srapub/SRR031780,SRX014490,S2_DRSC_CG3249_RNAi-2,RNA-Seq,cDNA,TRANSCRIPTOMIC,SINGLE,0,0,ILLUMINA,Illumina Genome Analyzer II,SRP001537,PRJNA168994,2,168994,SRS008478,SAMN00006304,simple,7227,Drosophila melanogaster,GSM461208,,,,,,,no,,,,,GEO,SRA010243,,public,C4B5248706D0C8D9E98F6C8282557D6A,B75CC5A5726C9E2A238745299FA2DB19
SRR031781,"Dec 16, 2009","May 26, 2014",10115038,758627850,0,75,519,,http://sra-download.ncbi.nlm.nih.gov/srapub/SRR031781,SRX014491,S2_DRSC_CG7878_RNAi-1,RNA-Seq,cDNA,TRANSCRIPTOMIC,SINGLE,0,0,ILLUMINA,Illumina Genome Analyzer II,SRP001537,PRJNA168994,2,168994,SRS008479,SAMN00006305,simple,7227,Drosophila melanogaster,GSM461209,,,,,,,no,,,,,GEO,SRA010243,,public,88C1FE25CC0D158657953FEABFE38F62,91AA89A7BEFDDB7E3022FD2F448EFDB0
SRR031782,"Dec 16, 2009","May 26, 2014",7869771,590232825,0,75,399,,http://sra-download.ncbi.nlm.nih.gov/srapub/SRR031782,SRX014491,S2_DRSC_CG7878_RNAi-1,RNA-Seq,cDNA,TRANSCRIPTOMIC,SINGLE,0,0,ILLUMINA,Illumina Genome Analyzer II,SRP001537,PRJNA168994,2,168994,SRS008479,SAMN00006305,simple,7227,Drosophila melanogaster,GSM461209,,,,,,,no,,,,,GEO,SRA010243,,public,95A34741200BB0E806408141D3B3E250,790FA00002489FA6E5D3F98D08EC9C8F
SRR031783,"Dec 16, 2009","May 26, 2014",5281561,396117075,0,75,277,,http://sra-download.ncbi.nlm.nih.gov/srapub/SRR031783,SRX014492,S2_DRSC_CG7878_RNAi-2,RNA-Seq,cDNA,TRANSCRIPTOMIC,SINGLE,0,0,ILLUMINA,Illumina Genome Analyzer II,SRP001537,PRJNA168994,2,168994,SRS008480,SAMN00006306,simple,7227,Drosophila melanogaster,GSM461210,,,,,,,no,,,,,GEO,SRA010243,,public,675FF0F47E7E64F384080DA96D7F4E93,13E80C06BD7B577FAEA3B3480B3645E4
SRR074422,"Dec 03, 2010","May 29, 2014",19516194,1522263132,0,78,684,,http://sra-download.ncbi.nlm.nih.gov/srapub/SRR074422,SRX014479,S2_DRSC_CG5442_RNAi-1,RNA-Seq,cDNA,TRANSCRIPTOMIC,SINGLE,0,0,ILLUMINA,Illumina Genome Analyzer II,SRP001537,PRJNA168994,2,168994,SRS008467,SAMN00006293,simple,7227,Drosophila melanogaster,GSM461197,,,,,,,no,,,,,GEO,SRA010243,,public,54CD36CECE87BA0FC83C5F945F4CC85C,8C025395AE09135C10B50A91374AE7F8
SRR074423,"Dec 03, 2010","May 29, 2014",22621132,1809690560,0,80,796,,http://sra-download.ncbi.nlm.nih.gov/srapub/SRR074423,SRX014479,S2_DRSC_CG5442_RNAi-1,RNA-Seq,cDNA,TRANSCRIPTOMIC,SINGLE,0,0,ILLUMINA,Illumina Genome Analyzer II,SRP001537,PRJNA168994,2,168994,SRS008467,SAMN00006293,simple,7227,Drosophila melanogaster,GSM461197,,,,,,,no,,,,,GEO,SRA010243,,public,7D93A234DB4AEC5D63BE2CB0AEFC3CF4,8E1D16CEF32A274ED0B07C437F04BD85
SRR074424,"Dec 03, 2010","May 29, 2014",28300207,2150815732,0,76,1313,,http://sra-download.ncbi.nlm.nih.gov/srapub/SRR074424,SRX014489,S2_DRSC_CG3249_RNAi-1,RNA-Seq,cDNA,TRANSCRIPTOMIC,SINGLE,0,0,ILLUMINA,Illumina Genome Analyzer II,SRP001537,PRJNA168994,2,168994,SRS008477,SAMN00006303,simple,7227,Drosophila melanogaster,GSM461207,,,,,,,no,,,,,GEO,SRA010243,,public,F92955D518ED045FD325995F2B108E5C,0F715DCB2F43922577B8AF1AB25DBF35
SRR074425,"Dec 03, 2010","May 29, 2014",21142613,1606838588,0,76,897,,http://sra-download.ncbi.nlm.nih.gov/srapub/SRR074425,SRX014490,S2_DRSC_CG3249_RNAi-2,RNA-Seq,cDNA,TRANSCRIPTOMIC,SINGLE,0,0,ILLUMINA,Illumina Genome Analyzer II,SRP001537,PRJNA168994,2,168994,SRS008478,SAMN00006304,simple,7227,Drosophila melanogaster,GSM461208,,,,,,,no,,,,,GEO,SRA010243,,public,D3A6AF3D298095866B6EFD9C173E6AF9,52FC8176E76EACAB274C39047046C76B
SRR074426,"Dec 03, 2010","May 29, 2014",23474899,1784092324,0,76,1085,,http://sra-download.ncbi.nlm.nih.gov/srapub/SRR074426,SRX014491,S2_DRSC_CG7878_RNAi-1,RNA-Seq,cDNA,TRANSCRIPTOMIC,SINGLE,0,0,ILLUMINA,Illumina Genome Analyzer II,SRP001537,PRJNA168994,2,168994,SRS008479,SAMN00006305,simple,7227,Drosophila melanogaster,GSM461209,,,,,,,no,,,,,GEO,SRA010243,,public,9E27F0051F80542F4EA3B26F8AE8443F,C4FD335B24A56E992DE28FCAB5FB537D
SRR074427,"Dec 03, 2010","May 29, 2014",23578286,1791949736,0,76,1011,,http://sra-download.ncbi.nlm.nih.gov/srapub/SRR074427,SRX014492,S2_DRSC_CG7878_RNAi-2,RNA-Seq,cDNA,TRANSCRIPTOMIC,SINGLE,0,0,ILLUMINA,Illumina Genome Analyzer II,SRP001537,PRJNA168994,2,168994,SRS008480,SAMN00006306,simple,7227,Drosophila melanogaster,GSM461210,,,,,,,no,,,,,GEO,SRA010243,,public,4367190A3D26F950DC88AF1CBEC394E6,8398633EAC740719C054D5786C74C828
SRR074428,"Dec 03, 2010","May 29, 2014",13617671,1034942996,0,76,670,,http://sra-download.ncbi.nlm.nih.gov/srapub/SRR074428,SRX032506,GSM627333: S2_DRSC_Untreated_RNAi-31,RNA-Seq,cDNA,TRANSCRIPTOMIC,SINGLE,0,0,ILLUMINA,Illumina Genome Analyzer II,SRP001537,PRJNA168994,2,168994,SRS140123,SAMN00139340,simple,7227,Drosophila melanogaster,GSM627333,,,,,,,no,,,,,GEO,SRA010243,,public,A8C11361E76877521898049A27ED6195,FFDE716FA5C3DA2B73DD48F0216EDD81
SRR074429,"Dec 03, 2010","May 29, 2014",22070471,1765637680,0,80,912,,http://sra-download.ncbi.nlm.nih.gov/srapub/SRR074429,SRX032507,GSM627334: S2_DRSC_Untreated_RNAi-32,RNA-Seq,cDNA,TRANSCRIPTOMIC,SINGLE,0,0,ILLUMINA,Illumina Genome Analyzer II,SRP001537,PRJNA168994,2,168994,SRS140124,SAMN00139341,simple,7227,Drosophila melanogaster,GSM627334,,,,,,,no,,,,,GEO,SRA010243,,public,CE7C989D5F39D047FE110BFBE24C7644,391645B4B7C2420A81711910849D7B9D
SRR074430,"Dec 03, 2010","May 29, 2014",657900,50000400,0,76,30,,http://sra-download.ncbi.nlm.nih.gov/srapub/SRR074430,SRX032508,GSM627335: S2-DRSC-CG10128-RNAi-2,RNA-Seq,cDNA,TRANSCRIPTOMIC,SINGLE,0,0,ILLUMINA,Illumina Genome Analyzer II,SRP001537,PRJNA168994,2,168994,SRS140125,SAMN00139342,simple,7227,Drosophila melanogaster,GSM627335,,,,,,,no,,,,,GEO,SRA010243,,public,17644E32FE2709A0D71F5038510FDE5D,01D7CBFDBA27EC8A380D1020F80CF584
SRR074431,"Dec 03, 2010","May 29, 2014",8036727,610791252,0,76,421,,http://sra-download.ncbi.nlm.nih.gov/srapub/SRR074431,SRX032508,GSM627335: S2-DRSC-CG10128-RNAi-2,RNA-Seq,cDNA,TRANSCRIPTOMIC,SINGLE,0,0,ILLUMINA,Illumina Genome Analyzer II,SRP001537,PRJNA168994,2,168994,SRS140125,SAMN00139342,simple,7227,Drosophila melanogaster,GSM627335,,,,,,,no,,,,,GEO,SRA010243,,public,9A934DA8ED5ED9201AA2731C78EB880B,2988972544DCB16F312BC43755D37970
SRR074432,"Dec 08, 2010","May 29, 2014",28253867,2260309360,0,80,1072,,http://sra-download.ncbi.nlm.nih.gov/srapub/SRR074432,SRX032508,GSM627335: S2-DRSC-CG10128-RNAi-2,RNA-Seq,cDNA,TRANSCRIPTOMIC,SINGLE,0,0,ILLUMINA,Illumina Genome Analyzer II,SRP001537,PRJNA168994,2,168994,SRS140125,SAMN00139342,simple,7227,Drosophila melanogaster,GSM627335,,,,,,,no,,,,,GEO,SRA010243,,public,394EB46A613A6876CD4AC51AC984B435,580E847A6E8FB9C1A16B6CE8C64D4A07
SRR074433,"Dec 08, 2010","May 29, 2014",16402838,1246615688,0,76,876,,http://sra-download.ncbi.nlm.nih.gov/srapub/SRR074433,SRX032509,GSM627336: S2-DRSC-CG10203-RNAi-2,RNA-Seq,cDNA,TRANSCRIPTOMIC,SINGLE,0,0,ILLUMINA,Illumina Genome Analyzer II,SRP001537,PRJNA168994,2,168994,SRS140126,SAMN00139343,simple,7227,Drosophila melanogaster,GSM627336,,,,,,,no,,,,,GEO,SRA010243,,public,923E9CBD4EE555B77AF4C56FD373264D,8B211A3A2AF2DB8CBCA5B844D6660225
SRR074434,"Dec 03, 2010","May 29, 2014",8651930,692154400,0,80,313,,http://sra-download.ncbi.nlm.nih.gov/srapub/SRR074434,SRX032510,GSM627337: S2-DRSC-CG10279_RNAi-1,RNA-Seq,cDNA,TRANSCRIPTOMIC,SINGLE,0,0,ILLUMINA,Illumina Genome Analyzer II,SRP001537,PRJNA168994,2,168994,SRS140127,SAMN00139344,simple,7227,Drosophila melanogaster,GSM627337,,,,,,,no,,,,,GEO,SRA010243,,public,9DDCB1FF91C67B800E52EDF95387707B,C0A9A7760553FC195A8F4219DB787F94
SRR074435,"Dec 03, 2010","May 29, 2014",10468019,837441520,0,80,351,,http://sra-download.ncbi.nlm.nih.gov/srapub/SRR074435,SRX032510,GSM627337: S2-DRSC-CG10279_RNAi-1,RNA-Seq,cDNA,TRANSCRIPTOMIC,SINGLE,0,0,ILLUMINA,Illumina Genome Analyzer II,SRP001537,PRJNA168994,2,168994,SRS140127,SAMN00139344,simple,7227,Drosophila melanogaster,GSM627337,,,,,,,no,,,,,GEO,SRA010243,,public,D5D59105FAE6E616A43188D17FE262A8,9E7B0EF21EF093C3E26DEE7A2C9344DC
SRR074436,"Dec 03, 2010","May 29, 2014",6109077,488726160,0,80,230,,http://sra-download.ncbi.nlm.nih.gov/srapub/SRR074436,SRX032511,GSM627338: S2-DRSC-CG10279_RNAi-2,RNA-Seq,cDNA,TRANSCRIPTOMIC,SINGLE,0,0,ILLUMINA,Illumina Genome Analyzer II,SRP001537,PRJNA168994,2,168994,SRS140128,SAMN00139345,simple,7227,Drosophila melanogaster,GSM627338,,,,,,,no,,,,,GEO,SRA010243,,public,A0A21AB839F2D02CE31350F7A953B742,E18F2FCF143500F6E3F55E7A55A07EB4
SRR074437,"Dec 03, 2010","May 29, 2014",11299174,903933920,0,80,432,,http://sra-download.ncbi.nlm.nih.gov/srapub/SRR074437,SRX032511,GSM627338: S2-DRSC-CG10279_RNAi-2,RNA-Seq,cDNA,TRANSCRIPTOMIC,SINGLE,0,0,ILLUMINA,Illumina Genome Analyzer II,SRP001537,PRJNA168994,2,168994,SRS140128,SAMN00139345,simple,7227,Drosophila melanogaster,GSM627338,,,,,,,no,,,,,GEO,SRA010243,,public,15F510DBE14DBC80E0DCDB419A2BAF53,8EC794D02F1AFD72C04F576E4250498B
SRR074438,"Dec 03, 2010","May 29, 2014",7487749,599019920,0,80,263,,http://sra-download.ncbi.nlm.nih.gov/srapub/SRR074438,SRX032511,GSM627338: S2-DRSC-CG10279_RNAi-2,RNA-Seq,cDNA,TRANSCRIPTOMIC,SINGLE,0,0,ILLUMINA,Illumina Genome Analyzer II,SRP001537,PRJNA168994,2,168994,SRS140128,SAMN00139345,simple,7227,Drosophila melanogaster,GSM627338,,,,,,,no,,,,,GEO,SRA010243,,public,1DF339B498D4DC808E713A8B52684271,20657933B611B595A8E054068EBBA0C7
SRR074439,"Dec 03, 2010","May 29, 2014",6010702,468834756,0,78,205,,http://sra-download.ncbi.nlm.nih.gov/srapub/SRR074439,SRX032512,GSM627339: S2-DRSC-CG10328_RNAi-1,RNA-Seq,cDNA,TRANSCRIPTOMIC,SINGLE,0,0,ILLUMINA,Illumina Genome Analyzer II,SRP001537,PRJNA168994,2,168994,SRS140129,SAMN00139346,simple,7227,Drosophila melanogaster,GSM627339,,,,,,,no,,,,,GEO,SRA010243,,public,5C0B32ECF39D72D2FFD67DA72F36475F,0E50E55C8876C1F5ED57806681F3D669
SRR074440,"Dec 03, 2010","May 29, 2014",22011027,1716860106,0,78,827,,http://sra-download.ncbi.nlm.nih.gov/srapub/SRR074440,SRX032513,GSM627340: S2-DRSC-CG10328_RNAi-2,RNA-Seq,cDNA,TRANSCRIPTOMIC,SINGLE,0,0,ILLUMINA,Illumina Genome Analyzer II,SRP001537,PRJNA168994,2,168994,SRS140130,SAMN00139347,simple,7227,Drosophila melanogaster,GSM627340,,,,,,,no,,,,,GEO,SRA010243,,public,3244CA881F58A8C1C0B407ACE5828C51,15789FB77D4EC12B763A95D156F5A001
SRR074441,"Dec 03, 2010","May 29, 2014",7744049,604035822,0,78,269,,http://sra-download.ncbi.nlm.nih.gov/srapub/SRR074441,SRX032514,GSM627341: S2-DRSC-CG10377_RNAi-1,RNA-Seq,cDNA,TRANSCRIPTOMIC,SINGLE,0,0,ILLUMINA,Illumina Genome Analyzer II,SRP001537,PRJNA168994,2,168994,SRS140131,SAMN00139348,simple,7227,Drosophila melanogaster,GSM627341,,,,,,,no,,,,,GEO,SRA010243,,public,3F1ED2C8363A53DE3B98E4E2840EF356,F55A11D99FB72EAB0F281CBEC061EF2A
SRR074442,"Dec 03, 2010","May 29, 2014",25182780,1964256840,0,78,941,,http://sra-download.ncbi.nlm.nih.gov/srapub/SRR074442,SRX032515,GSM627342: S2-DRSC-CG10377_RNAi-2,RNA-Seq,cDNA,TRANSCRIPTOMIC,SINGLE,0,0,ILLUMINA,Illumina Genome Analyzer II,SRP001537,PRJNA168994,2,168994,SRS140132,SAMN00139349,simple,7227,Drosophila melanogaster,GSM627342,,,,,,,no,,,,,GEO,SRA010243,,public,DE2439798EDF47C3A6DF9D7846E035EE,37048650094F4C63EB5F6EA9529B78AA
SRR074443,"Dec 03, 2010","May 29, 2014",15155146,1151791096,0,76,746,,http://sra-download.ncbi.nlm.nih.gov/srapub/SRR074443,SRX032516,GSM627343: S2-DRSC-CG10851-RNAi-2,RNA-Seq,cDNA,TRANSCRIPTOMIC,SINGLE,0,0,ILLUMINA,Illumina Genome Analyzer II,SRP001537,PRJNA168994,2,168994,SRS140133,SAMN00139350,simple,7227,Drosophila melanogaster,GSM627343,,,,,,,no,,,,,GEO,SRA010243,,public,A1C6029B0BB0314FDBB0854FCEF035BA,96474159CFB9380A1103AF60923BDFF3
SRR074444,"Dec 08, 2010","May 29, 2014",31136921,2490953680,0,80,1224,,http://sra-download.ncbi.nlm.nih.gov/srapub/SRR074444,SRX032516,GSM627343: S2-DRSC-CG10851-RNAi-2,RNA-Seq,cDNA,TRANSCRIPTOMIC,SINGLE,0,0,ILLUMINA,Illumina Genome Analyzer II,SRP001537,PRJNA168994,2,168994,SRS140133,SAMN00139350,simple,7227,Drosophila melanogaster,GSM627343,,,,,,,no,,,,,GEO,SRA010243,,public,365F3B7751FFF8C9BDD0EC86FD381406,C1A6A09D6A181C1987082EAFEE3D0037
SRR074445,"Dec 03, 2010","May 29, 2014",14346436,1119022008,0,78,504,,http://sra-download.ncbi.nlm.nih.gov/srapub/SRR074445,SRX032517,GSM627344: S2-DRSC-CG1101-RNAi-1,RNA-Seq,cDNA,TRANSCRIPTOMIC,SINGLE,0,0,ILLUMINA,Illumina Genome Analyzer II,SRP001537,PRJNA168994,2,168994,SRS140134,SAMN00139351,simple,7227,Drosophila melanogaster,GSM627344,,,,,,,no,,,,,GEO,SRA010243,,public,D9C13B2DC50FC839696599216F97E5D1,672014FE98CDC41C6CCD7687059D240E
SRR074446,"Dec 03, 2010","May 29, 2014",19034653,1484702934,0,78,715,,http://sra-download.ncbi.nlm.nih.gov/srapub/SRR074446,SRX032518,GSM627345: S2-DRSC-CG1101-RNAi-2,RNA-Seq,cDNA,TRANSCRIPTOMIC,SINGLE,0,0,ILLUMINA,Illumina Genome Analyzer II,SRP001537,PRJNA168994,2,168994,SRS140135,SAMN00139352,simple,7227,Drosophila melanogaster,GSM627345,,,,,,,no,,,,,GEO,SRA010243,,public,97E33590A5F9A48258DC3DCAC5F64C85,7E88844B7BBA1BFEB79E060E4D0DFC61
SRR074447,"Dec 03, 2010","May 29, 2014",7410667,578032026,0,78,248,,http://sra-download.ncbi.nlm.nih.gov/srapub/SRR074447,SRX032519,GSM627346: S2-DRSC-CG11266-RNAi-1,RNA-Seq,cDNA,TRANSCRIPTOMIC,SINGLE,0,0,ILLUMINA,Illumina Genome Analyzer II,SRP001537,PRJNA168994,2,168994,SRS140136,SAMN00139353,simple,7227,Drosophila melanogaster,GSM627346,,,,,,,no,,,,,GEO,SRA010243,,public,FC43A51A77CACE317DA12E0EBEE1AE7C,B6748C954D06780C629B4C8179046D3F
SRR074448,"Dec 08, 2010","May 29, 2014",24106992,1880345376,0,78,861,,http://sra-download.ncbi.nlm.nih.gov/srapub/SRR074448,SRX032520,GSM627347: S2-DRSC-CG11266-RNAi-2,RNA-Seq,cDNA,TRANSCRIPTOMIC,SINGLE,0,0,ILLUMINA,Illumina Genome Analyzer II,SRP001537,PRJNA168994,2,168994,SRS140137,SAMN00139354,simple,7227,Drosophila melanogaster,GSM627347,,,,,,,no,,,,,GEO,SRA010243,,public,1234BDE0937F35A4571F778AC193012C,68E3AB965884CAB741844BEFB4776A96
SRR074449,"Dec 03, 2010","May 29, 2014",3548739,269704164,0,76,148,,http://sra-download.ncbi.nlm.nih.gov/srapub/SRR074449,SRX032521,GSM627348: S2-DRSC-CG12749-RNAi-2,RNA-Seq,cDNA,TRANSCRIPTOMIC,SINGLE,0,0,ILLUMINA,Illumina Genome Analyzer II,SRP001537,PRJNA168994,2,168994,SRS140138,SAMN00139355,simple,7227,Drosophila melanogaster,GSM627348,,,,,,,no,,,,,GEO,SRA010243,,public,F35B71FF4CC338171FAA6CA553594B61,8D2CE611B9C7E6BF4BBE63DAC48F9F7E
SRR074450,"Dec 03, 2010","May 29, 2014",14603699,1109881124,0,76,738,,http://sra-download.ncbi.nlm.nih.gov/srapub/SRR074450,SRX032521,GSM627348: S2-DRSC-CG12749-RNAi-2,RNA-Seq,cDNA,TRANSCRIPTOMIC,SINGLE,0,0,ILLUMINA,Illumina Genome Analyzer II,SRP001537,PRJNA168994,2,168994,SRS140138,SAMN00139355,simple,7227,Drosophila melanogaster,GSM627348,,,,,,,no,,,,,GEO,SRA010243,,public,76B2E9A9A9491F2C0731C9B863D15D44,FA2EA5CB9D700FC8207AC082BA4E26F9
SRR074451,"Dec 03, 2010","May 29, 2014",20135799,1530320724,0,76,986,,http://sra-download.ncbi.nlm.nih.gov/srapub/SRR074451,SRX032522,GSM627349: S2-DRSC-CG13425_RNAi-2,RNA-Seq,cDNA,TRANSCRIPTOMIC,SINGLE,0,0,ILLUMINA,Illumina Genome Analyzer II,SRP001537,PRJNA168994,2,168994,SRS140139,SAMN00139356,simple,7227,Drosophila melanogaster,GSM627349,,,,,,,no,,,,,GEO,SRA010243,,public,5FB109A8456A78E7E800BBDA338CAC0D,0E447689DE53087510D82F22355C38F7
SRR074452,"Dec 03, 2010","May 29, 2014",16188774,1230346824,0,76,852,,http://sra-download.ncbi.nlm.nih.gov/srapub/SRR074452,SRX032522,GSM627349: S2-DRSC-CG13425_RNAi-2,RNA-Seq,cDNA,TRANSCRIPTOMIC,SINGLE,0,0,ILLUMINA,Illumina Genome Analyzer II,SRP001537,PRJNA168994,2,168994,SRS140139,SAMN00139356,simple,7227,Drosophila melanogaster,GSM627349,,,,,,,no,,,,,GEO,SRA010243,,public,57F4E6F772AB881F643995B5F5C18B1B,0E8D9F14503675B2DFF30EC4785D3BEE
SRR074453,"Dec 03, 2010","May 29, 2014",4771531,362636356,0,76,228,,http://sra-download.ncbi.nlm.nih.gov/srapub/SRR074453,SRX032523,GSM627350: S2-DRSC-CG1559-RNAi-2,RNA-Seq,cDNA,TRANSCRIPTOMIC,SINGLE,0,0,ILLUMINA,Illumina Genome Analyzer II,SRP001537,PRJNA168994,2,168994,SRS140140,SAMN00139357,simple,7227,Drosophila melanogaster,GSM627350,,,,,,,no,,,,,GEO,SRA010243,,public,A3A079E95E52777C991FB0317E41B66B,1BEE0184B21751B299968B2F234DFF5B
SRR074454,"Dec 03, 2010","May 29, 2014",17540253,1333059228,0,76,899,,http://sra-download.ncbi.nlm.nih.gov/srapub/SRR074454,SRX032523,GSM627350: S2-DRSC-CG1559-RNAi-2,RNA-Seq,cDNA,TRANSCRIPTOMIC,SINGLE,0,0,ILLUMINA,Illumina Genome Analyzer II,SRP001537,PRJNA168994,2,168994,SRS140140,SAMN00139357,simple,7227,Drosophila melanogaster,GSM627350,,,,,,,no,,,,,GEO,SRA010243,,public,1BD6EF899F97CB70BDE20FA7D1D83D5B,5F90C983E4D966AE73BEAE889E417722
SRR074455,"Dec 03, 2010","May 29, 2014",22825616,1826049280,0,80,827,,http://sra-download.ncbi.nlm.nih.gov/srapub/SRR074455,SRX032524,GSM627351: S2-DRSC-CG1646_RNAi-1,RNA-Seq,cDNA,TRANSCRIPTOMIC,SINGLE,0,0,ILLUMINA,Illumina Genome Analyzer II,SRP001537,PRJNA168994,2,168994,SRS140141,SAMN00139358,simple,7227,Drosophila melanogaster,GSM627351,,,,,,,no,,,,,GEO,SRA010243,,public,DF57A78AD731DF0E8F23D5E4AABCB7D8,D6C05249A563B3D0EEBD7C9B1F58DBCD
SRR074456,"Dec 03, 2010","May 29, 2014",24456527,1956522160,0,80,868,,http://sra-download.ncbi.nlm.nih.gov/srapub/SRR074456,SRX032525,GSM627352: S2-DRSC-CG1646_RNAi-2,RNA-Seq,cDNA,TRANSCRIPTOMIC,SINGLE,0,0,ILLUMINA,Illumina Genome Analyzer II,SRP001537,PRJNA168994,2,168994,SRS140142,SAMN00139359,simple,7227,Drosophila melanogaster,GSM627352,,,,,,,no,,,,,GEO,SRA010243,,public,B74FDCF1954F23DBD6269526A0F7119C,F8BB2DE9EA20640FD71640D200641372
SRR074457,"Dec 03, 2010","May 29, 2014",18326717,1429483926,0,78,634,,http://sra-download.ncbi.nlm.nih.gov/srapub/SRR074457,SRX032526,GSM627353: S2-DRSC-CG16788-RNAi-1,RNA-Seq,cDNA,TRANSCRIPTOMIC,SINGLE,0,0,ILLUMINA,Illumina Genome Analyzer II,SRP001537,PRJNA168994,2,168994,SRS140143,SAMN00139360,simple,7227,Drosophila melanogaster,GSM627353,,,,,,,no,,,,,GEO,SRA010243,,public,EEECABCDC61A356E46C95CD29A2A639E,37639255AB1DF864A74F7C0628ADBA60
SRR074458,"Dec 08, 2010","May 29, 2014",9146381,713417718,0,78,305,,http://sra-download.ncbi.nlm.nih.gov/srapub/SRR074458,SRX032527,GSM627354: S2-DRSC-CG16788-RNAi-2,RNA-Seq,cDNA,TRANSCRIPTOMIC,SINGLE,0,0,ILLUMINA,Illumina Genome Analyzer II,SRP001537,PRJNA168994,2,168994,SRS140144,SAMN00139361,simple,7227,Drosophila melanogaster,GSM627354,,,,,,,no,,,,,GEO,SRA010243,,public,BCFDB483BB290C8DED0C0FE80CF367C2,7BA837FD13B0AB3C145278E1879EE742
SRR074459,"Dec 03, 2010","May 29, 2014",16836049,1279539724,0,76,896,,http://sra-download.ncbi.nlm.nih.gov/srapub/SRR074459,SRX032528,GSM627355: S2-DRSC-CG16901-RNAi-2,RNA-Seq,cDNA,TRANSCRIPTOMIC,SINGLE,0,0,ILLUMINA,Illumina Genome Analyzer II,SRP001537,PRJNA168994,2,168994,SRS140145,SAMN00139362,simple,7227,Drosophila melanogaster,GSM627355,,,,,,,no,,,,,GEO,SRA010243,,public,793D5DD084C431FF0187036A6674D3AE,E30941277BB14E58DB71A2ADF1DB5609
SRR074460,"Dec 03, 2010","May 29, 2014",1081580,82200080,0,76,46,,http://sra-download.ncbi.nlm.nih.gov/srapub/SRR074460,SRX032529,GSM627356: S2-DRSC-CG17136-RNAi-2,RNA-Seq,cDNA,TRANSCRIPTOMIC,SINGLE,0,0,ILLUMINA,Illumina Genome Analyzer II,SRP001537,PRJNA168994,2,168994,SRS140146,SAMN00139363,simple,7227,Drosophila melanogaster,GSM627356,,,,,,,no,,,,,GEO,SRA010243,,public,317C226AAF6E4F5F391E634D346AB4DB,5AF48B19ED1711E6A34BA17D1DE2CD03
SRR074461,"Dec 03, 2010","May 29, 2014",10621185,807210060,0,76,545,,http://sra-download.ncbi.nlm.nih.gov/srapub/SRR074461,SRX032529,GSM627356: S2-DRSC-CG17136-RNAi-2,RNA-Seq,cDNA,TRANSCRIPTOMIC,SINGLE,0,0,ILLUMINA,Illumina Genome Analyzer II,SRP001537,PRJNA168994,2,168994,SRS140146,SAMN00139363,simple,7227,Drosophila melanogaster,GSM627356,,,,,,,no,,,,,GEO,SRA010243,,public,A5EEF8D1AA3F8EC56439213128A9B9D7,35E4A4F6F46FFEB16DD36B9ECA6B7064
SRR074462,"Dec 03, 2010","May 29, 2014",17270238,1312538088,0,76,906,,http://sra-download.ncbi.nlm.nih.gov/srapub/SRR074462,SRX032530,GSM627357: S2-DRSC-CG17838-RNAi-2,RNA-Seq,cDNA,TRANSCRIPTOMIC,SINGLE,0,0,ILLUMINA,Illumina Genome Analyzer II,SRP001537,PRJNA168994,2,168994,SRS140147,SAMN00139364,simple,7227,Drosophila melanogaster,GSM627357,,,,,,,no,,,,,GEO,SRA010243,,public,6A9C054B1A976C81C1FE4DC205882ED6,18A4C9263737A0C3273055C1FE996953
SRR074463,"Dec 03, 2010","May 29, 2014",12154542,923745192,0,76,580,,http://sra-download.ncbi.nlm.nih.gov/srapub/SRR074463,SRX032531,GSM627358: S2-DRSC-CG18350_RNAi-1,RNA-Seq,cDNA,TRANSCRIPTOMIC,SINGLE,0,0,ILLUMINA,Illumina Genome Analyzer II,SRP001537,PRJNA168994,2,168994,SRS140148,SAMN00139365,simple,7227,Drosophila melanogaster,GSM627358,,,,,,,no,,,,,GEO,SRA010243,,public,B5A6166DCE33FD35C2BFB41A67B0D2C1,DC4E2E71B6F8737B6CA4815E92ECE05B
SRR074464,"Dec 03, 2010","May 29, 2014",13824827,1078336506,0,78,489,,http://sra-download.ncbi.nlm.nih.gov/srapub/SRR074464,SRX032532,GSM627359: S2-DRSC-CG18350_RNAi-2,RNA-Seq,cDNA,TRANSCRIPTOMIC,SINGLE,0,0,ILLUMINA,Illumina Genome Analyzer II,SRP001537,PRJNA168994,2,168994,SRS140149,SAMN00139366,simple,7227,Drosophila melanogaster,GSM627359,,,,,,,no,,,,,GEO,SRA010243,,public,EB95404DF1F1073CC8B7D9BBA1E61B63,8186EF48673EC736E24BD810B30ABF0A
SRR074465,"Dec 03, 2010","May 29, 2014",17302890,1315019640,0,76,604,,http://sra-download.ncbi.nlm.nih.gov/srapub/SRR074465,SRX032532,GSM627359: S2-DRSC-CG18350_RNAi-2,RNA-Seq,cDNA,TRANSCRIPTOMIC,SINGLE,0,0,ILLUMINA,Illumina Genome Analyzer II,SRP001537,PRJNA168994,2,168994,SRS140149,SAMN00139366,simple,7227,Drosophila melanogaster,GSM627359,,,,,,,no,,,,,GEO,SRA010243,,public,38E73EA82DEF4776F2B14976E90A168D,F867E98B55584A108017BFC79A5C7311
SRR074466,"Dec 03, 2010","May 29, 2014",17552329,1404186320,0,80,608,,http://sra-download.ncbi.nlm.nih.gov/srapub/SRR074466,SRX032532,GSM627359: S2-DRSC-CG18350_RNAi-2,RNA-Seq,cDNA,TRANSCRIPTOMIC,SINGLE,0,0,ILLUMINA,Illumina Genome Analyzer II,SRP001537,PRJNA168994,2,168994,SRS140149,SAMN00139366,simple,7227,Drosophila melanogaster,GSM627359,,,,,,,no,,,,,GEO,SRA010243,,public,F8A199F4EB01618180E4F2BFE4BE64CA,BB378B386783F4738BEDECCC732603E6
SRR074467,"Dec 03, 2010","May 29, 2014",3883089,295114764,0,76,189,,http://sra-download.ncbi.nlm.nih.gov/srapub/SRR074467,SRX032533,GSM627360: S2-DRSC-CG18426-RNAi-2,RNA-Seq,cDNA,TRANSCRIPTOMIC,SINGLE,0,0,ILLUMINA,Illumina Genome Analyzer II,SRP001537,PRJNA168994,2,168994,SRS140150,SAMN00139367,simple,7227,Drosophila melanogaster,GSM627360,,,,,,,no,,,,,GEO,SRA010243,,public,3D72BA250BD3CF4F1983F6E80047E141,EAB55D324C8CFFF9DFDDFA7F15055A13
SRR074468,"Dec 03, 2010","May 29, 2014",16810185,1277574060,0,76,860,,http://sra-download.ncbi.nlm.nih.gov/srapub/SRR074468,SRX032533,GSM627360: S2-DRSC-CG18426-RNAi-2,RNA-Seq,cDNA,TRANSCRIPTOMIC,SINGLE,0,0,ILLUMINA,Illumina Genome Analyzer II,SRP001537,PRJNA168994,2,168994,SRS140150,SAMN00139367,simple,7227,Drosophila melanogaster,GSM627360,,,,,,,no,,,,,GEO,SRA010243,,public,E2070625815D6CE7EB47A91F16B3D072,4F35603E048EC480553E3A64E7F3F7E3
SRR074469,"Dec 08, 2010","May 29, 2014",15170834,1152983384,0,76,792,,http://sra-download.ncbi.nlm.nih.gov/srapub/SRR074469,SRX032534,GSM627361: S2-DRSC-CG1987-RNAi-2,RNA-Seq,cDNA,TRANSCRIPTOMIC,SINGLE,0,0,ILLUMINA,Illumina Genome Analyzer II,SRP001537,PRJNA168994,2,168994,SRS140151,SAMN00139368,simple,7227,Drosophila melanogaster,GSM627361,,,,,,,no,,,,,GEO,SRA010243,,public,11D59D0F09E6EECBF84D1B688EAC89C7,558852A2C610A0B2EA19D673AEBD99C6
SRR074470,"Dec 03, 2010","May 29, 2014",13998058,1063852408,0,76,723,,http://sra-download.ncbi.nlm.nih.gov/srapub/SRR074470,SRX032535,GSM627362: S2-DRSC-CG30122-RNAi-2,RNA-Seq,cDNA,TRANSCRIPTOMIC,SINGLE,0,0,ILLUMINA,Illumina Genome Analyzer II,SRP001537,PRJNA168994,2,168994,SRS140152,SAMN00139369,simple,7227,Drosophila melanogaster,GSM627362,,,,,,,no,,,,,GEO,SRA010243,,public,557D1581106C464F44EA5C473A806875,AB1B53BCD1C208CDFDAB88F688BFFD2B
SRR074471,"Dec 03, 2010","May 29, 2014",22400117,1792009360,0,80,950,,http://sra-download.ncbi.nlm.nih.gov/srapub/SRR074471,SRX032535,GSM627362: S2-DRSC-CG30122-RNAi-2,RNA-Seq,cDNA,TRANSCRIPTOMIC,SINGLE,0,0,ILLUMINA,Illumina Genome Analyzer II,SRP001537,PRJNA168994,2,168994,SRS140152,SAMN00139369,simple,7227,Drosophila melanogaster,GSM627362,,,,,,,no,,,,,GEO,SRA010243,,public,F691630D7AFE5C5F7D09B47466483111,AA0C9E7189530F39D6AD828D23B91357
SRR074472,"Dec 03, 2010","May 29, 2014",865078,65745928,0,76,41,,http://sra-download.ncbi.nlm.nih.gov/srapub/SRR074472,SRX032536,GSM627363: S2-DRSC-CG31000-RNAi-2,RNA-Seq,cDNA,TRANSCRIPTOMIC,SINGLE,0,0,ILLUMINA,Illumina Genome Analyzer II,SRP001537,PRJNA168994,2,168994,SRS140153,SAMN00139370,simple,7227,Drosophila melanogaster,GSM627363,,,,,,,no,,,,,GEO,SRA010243,,public,BEA52EE5670C98B2A047E8CC6BA16BDE,9391B6AA703EEADAB2D500C354090C44
SRR074473,"Dec 03, 2010","May 29, 2014",12512358,950939208,0,76,648,,http://sra-download.ncbi.nlm.nih.gov/srapub/SRR074473,SRX032536,GSM627363: S2-DRSC-CG31000-RNAi-2,RNA-Seq,cDNA,TRANSCRIPTOMIC,SINGLE,0,0,ILLUMINA,Illumina Genome Analyzer II,SRP001537,PRJNA168994,2,168994,SRS140153,SAMN00139370,simple,7227,Drosophila melanogaster,GSM627363,,,,,,,no,,,,,GEO,SRA010243,,public,49A75E940D6123827DE96C88DFAA8DE7,202334E16874B99356D5F0801FAA3EBF
SRR074474,"Dec 08, 2010","May 29, 2014",24592532,1869032432,0,76,870,,http://sra-download.ncbi.nlm.nih.gov/srapub/SRR074474,SRX032537,GSM627364: S2-DRSC-CG31716-RNAi-1,RNA-Seq,cDNA,TRANSCRIPTOMIC,SINGLE,0,0,ILLUMINA,Illumina Genome Analyzer II,SRP001537,PRJNA168994,2,168994,SRS140154,SAMN00139371,simple,7227,Drosophila melanogaster,GSM627364,,,,,,,no,,,,,GEO,SRA010243,,public,9464425E495573F46FC6376738AE83B3,798F1326F25A22B9016BBCE2B2763916
SRR074475,"Dec 04, 2010","May 29, 2014",22203464,1687463264,0,76,768,,http://sra-download.ncbi.nlm.nih.gov/srapub/SRR074475,SRX032538,GSM627365: S2-DRSC-CG31716-RNAi-2,RNA-Seq,cDNA,TRANSCRIPTOMIC,SINGLE,0,0,ILLUMINA,Illumina Genome Analyzer II,SRP001537,PRJNA168994,2,168994,SRS140155,SAMN00139372,simple,7227,Drosophila melanogaster,GSM627365,,,,,,,no,,,,,GEO,SRA010243,,public,6AA8F081A56E15DD45EF66DA775BDABE,2B3D64D0F75B6EC55AA663F9F16C3EA2
SRR074476,"Dec 04, 2010","May 29, 2014",14563854,1135980612,0,78,491,,http://sra-download.ncbi.nlm.nih.gov/srapub/SRR074476,SRX032539,GSM627366: S2-DRSC-CG32423-RNAi-1,RNA-Seq,cDNA,TRANSCRIPTOMIC,SINGLE,0,0,ILLUMINA,Illumina Genome Analyzer II,SRP001537,PRJNA168994,2,168994,SRS140156,SAMN00139373,simple,7227,Drosophila melanogaster,GSM627366,,,,,,,no,,,,,GEO,SRA010243,,public,5822BDF2E04DC9084E9CB30082F4E1AC,962FB591F384FC63534E468965E8BB0A
SRR074477,"Dec 04, 2010","May 29, 2014",18406603,1472528240,0,80,606,,http://sra-download.ncbi.nlm.nih.gov/srapub/SRR074477,SRX032539,GSM627366: S2-DRSC-CG32423-RNAi-1,RNA-Seq,cDNA,TRANSCRIPTOMIC,SINGLE,0,0,ILLUMINA,Illumina Genome Analyzer II,SRP001537,PRJNA168994,2,168994,SRS140156,SAMN00139373,simple,7227,Drosophila melanogaster,GSM627366,,,,,,,no,,,,,GEO,SRA010243,,public,B563EEB3854C64358EE1B33D10426D26,4054D3FCC2E287EBC7A7980AE4AD296B
SRR074478,"Dec 08, 2010","May 29, 2014",7710938,601453164,0,78,259,,http://sra-download.ncbi.nlm.nih.gov/srapub/SRR074478,SRX032540,GSM627367: S2-DRSC-CG32423-RNAi-2,RNA-Seq,cDNA,TRANSCRIPTOMIC,SINGLE,0,0,ILLUMINA,Illumina Genome Analyzer II,SRP001537,PRJNA168994,2,168994,SRS140157,SAMN00139374,simple,7227,Drosophila melanogaster,GSM627367,,,,,,,no,,,,,GEO,SRA010243,,public,723050A5B39D38500B2C999BDC348AA9,1FB33FDBE2F05CA232D9CA3FA1EAC04B
SRR074479,"Dec 08, 2010","May 29, 2014",15313377,1163816652,0,76,617,,http://sra-download.ncbi.nlm.nih.gov/srapub/SRR074479,SRX032541,GSM627368: S2-DRSC-CG33106-RNAi-1,RNA-Seq,cDNA,TRANSCRIPTOMIC,SINGLE,0,0,ILLUMINA,Illumina Genome Analyzer II,SRP001537,PRJNA168994,2,168994,SRS140158,SAMN00139375,simple,7227,Drosophila melanogaster,GSM627368,,,,,,,no,,,,,GEO,SRA010243,,public,50F22C62CAFFEF35CCF0F72933FEDBF0,C2AC045380801E75E361729ADFD68A7C
SRR074480,"Dec 08, 2010","May 29, 2014",13239395,1006194020,0,76,538,,http://sra-download.ncbi.nlm.nih.gov/srapub/SRR074480,SRX032542,GSM627369: S2-DRSC-CG33106-RNAi-2,RNA-Seq,cDNA,TRANSCRIPTOMIC,SINGLE,0,0,ILLUMINA,Illumina Genome Analyzer II,SRP001537,PRJNA168994,2,168994,SRS140159,SAMN00139376,simple,7227,Drosophila melanogaster,GSM627369,,,,,,,no,,,,,GEO,SRA010243,,public,EF5DA63B95D4BA3D9E6E1ADB2B701F20,FFA614B4E4C43654A03FEC5264ACFAC0
SRR074481,"Dec 08, 2010","May 29, 2014",18820311,1505624880,0,80,672,,http://sra-download.ncbi.nlm.nih.gov/srapub/SRR074481,SRX032543,GSM627370: S2-DRSC-CG3312_RNAi-1,RNA-Seq,cDNA,TRANSCRIPTOMIC,SINGLE,0,0,ILLUMINA,Illumina Genome Analyzer II,SRP001537,PRJNA168994,2,168994,SRS140160,SAMN00139377,simple,7227,Drosophila melanogaster,GSM627370,,,,,,,no,,,,,GEO,SRA010243,,public,12B3AC179E1E1EF7ECA32C128AF38E22,019553FDF13B639D93AC33E2ED4C5650
SRR074482,"Dec 08, 2010","May 29, 2014",22573970,1805917600,0,80,824,,http://sra-download.ncbi.nlm.nih.gov/srapub/SRR074482,SRX032544,GSM627371: S2-DRSC-CG3312_RNAi-2,RNA-Seq,cDNA,TRANSCRIPTOMIC,SINGLE,0,0,ILLUMINA,Illumina Genome Analyzer II,SRP001537,PRJNA168994,2,168994,SRS140161,SAMN00139378,simple,7227,Drosophila melanogaster,GSM627371,,,,,,,no,,,,,GEO,SRA010243,,public,A7FF414B8F324E70C976B1CE045B3B24,D6FBA458CC6B0F6E3B4572D55BF9A151
SRR074483,"Dec 04, 2010","May 29, 2014",17925588,1434047040,0,80,723,,http://sra-download.ncbi.nlm.nih.gov/srapub/SRR074483,SRX032545,GSM627372: S2-DRSC-CG3584_RNAi-1,RNA-Seq,cDNA,TRANSCRIPTOMIC,SINGLE,0,0,ILLUMINA,Illumina Genome Analyzer II,SRP001537,PRJNA168994,2,168994,SRS140162,SAMN00139379,simple,7227,Drosophila melanogaster,GSM627372,,,,,,,no,,,,,GEO,SRA010243,,public,C53F77FF4877620A070BCCDE3890430F,0C31FE5AE3BB8C6C03B51D1444C3A00A
SRR074484,"Dec 04, 2010","May 29, 2014",15704387,1256350960,0,80,632,,http://sra-download.ncbi.nlm.nih.gov/srapub/SRR074484,SRX032546,GSM627373: S2-DRSC-CG3584_RNAi-2,RNA-Seq,cDNA,TRANSCRIPTOMIC,SINGLE,0,0,ILLUMINA,Illumina Genome Analyzer II,SRP001537,PRJNA168994,2,168994,SRS140163,SAMN00139380,simple,7227,Drosophila melanogaster,GSM627373,,,,,,,no,,,,,GEO,SRA010243,,public,BDC9A476DA93C0744ED09E4A52368786,8FC90B51F2C2310DF03D22511FD837B6
SRR074485,"Dec 08, 2010","May 29, 2014",29054498,2324359840,0,80,1108,,http://sra-download.ncbi.nlm.nih.gov/srapub/SRR074485,SRX032547,GSM627374: S2-DRSC-CG4262_RNAi-1,RNA-Seq,cDNA,TRANSCRIPTOMIC,SINGLE,0,0,ILLUMINA,Illumina Genome Analyzer II,SRP001537,PRJNA168994,2,168994,SRS140164,SAMN00139381,simple,7227,Drosophila melanogaster,GSM627374,,,,,,,no,,,,,GEO,SRA010243,,public,F5B366AD417E6F17A06808ED38E7D9A1,F44A36314D5EB071312FA72A3C9B8DF8
SRR074486,"Dec 04, 2010","May 29, 2014",18510329,1480826320,0,80,654,,http://sra-download.ncbi.nlm.nih.gov/srapub/SRR074486,SRX032548,GSM627375: S2-DRSC-CG4262_RNAi-2,RNA-Seq,cDNA,TRANSCRIPTOMIC,SINGLE,0,0,ILLUMINA,Illumina Genome Analyzer II,SRP001537,PRJNA168994,2,168994,SRS140165,SAMN00139382,simple,7227,Drosophila melanogaster,GSM627375,,,,,,,no,,,,,GEO,SRA010243,,public,ED629B8B079A31EEFF95FD7C92A382C0,C89FCA9842942B32A05A77D7262629ED
SRR074487,"Dec 04, 2010","May 29, 2014",10495332,797645232,0,76,547,,http://sra-download.ncbi.nlm.nih.gov/srapub/SRR074487,SRX032549,GSM627376: S2-DRSC-CG4602-RNAi-2,RNA-Seq,cDNA,TRANSCRIPTOMIC,SINGLE,0,0,ILLUMINA,Illumina Genome Analyzer II,SRP001537,PRJNA168994,2,168994,SRS140166,SAMN00139383,simple,7227,Drosophila melanogaster,GSM627376,,,,,,,no,,,,,GEO,SRA010243,,public,63D814B50926ECF8FAC3DC2717DB0EB1,CF0D9B23D3A97791D5EB2DF8CFA6B435
SRR074488,"Dec 08, 2010","May 29, 2014",27657973,2212637840,0,80,1129,,http://sra-download.ncbi.nlm.nih.gov/srapub/SRR074488,SRX032549,GSM627376: S2-DRSC-CG4602-RNAi-2,RNA-Seq,cDNA,TRANSCRIPTOMIC,SINGLE,0,0,ILLUMINA,Illumina Genome Analyzer II,SRP001537,PRJNA168994,2,168994,SRS140166,SAMN00139383,simple,7227,Drosophila melanogaster,GSM627376,,,,,,,no,,,,,GEO,SRA010243,,public,7B4CCA234D1A4067D2210AC787F2F36C,DBC6A6FDA223A2D9DC17D27F08B82204
SRR074489,"Dec 04, 2010","May 29, 2014",17178477,1339921206,0,78,648,,http://sra-download.ncbi.nlm.nih.gov/srapub/SRR074489,SRX032550,GSM627377: S2-DRSC-CG4760_RNAi-1,RNA-Seq,cDNA,TRANSCRIPTOMIC,SINGLE,0,0,ILLUMINA,Illumina Genome Analyzer II,SRP001537,PRJNA168994,2,168994,SRS140167,SAMN00139384,simple,7227,Drosophila melanogaster,GSM627377,,,,,,,no,,,,,GEO,SRA010243,,public,3128AA34DB3222107C47ED0F8CD2A54D,E2C648C4BF3F9F52C2E7618C397E73D3
SRR074490,"Dec 08, 2010","May 29, 2014",26817203,2145376240,0,80,1006,,http://sra-download.ncbi.nlm.nih.gov/srapub/SRR074490,SRX032551,GSM627378: S2-DRSC-CG4760_RNAi-2,RNA-Seq,cDNA,TRANSCRIPTOMIC,SINGLE,0,0,ILLUMINA,Illumina Genome Analyzer II,SRP001537,PRJNA168994,2,168994,SRS140168,SAMN00139385,simple,7227,Drosophila melanogaster,GSM627378,,,,,,,no,,,,,GEO,SRA010243,,public,61C4CCBB222864709CB2A67568F1EBE6,9612CB54E5927F20D37C98536308E3CA
SRR074491,"Dec 04, 2010","May 29, 2014",7423324,593865920,0,80,295,,http://sra-download.ncbi.nlm.nih.gov/srapub/SRR074491,SRX032552,GSM627379: S2-DRSC-CG4816_RNAi-1,RNA-Seq,cDNA,TRANSCRIPTOMIC,SINGLE,0,0,ILLUMINA,Illumina Genome Analyzer II,SRP001537,PRJNA168994,2,168994,SRS140169,SAMN00139386,simple,7227,Drosophila melanogaster,GSM627379,,,,,,,no,,,,,GEO,SRA010243,,public,CC38485B4EB9DB89E7B5B026C5389683,B77443C9188831F7CF0FF655D5C71AA3
SRR074492,"Dec 04, 2010","May 29, 2014",21958194,1756655520,0,80,913,,http://sra-download.ncbi.nlm.nih.gov/srapub/SRR074492,SRX032553,GSM627380: S2-DRSC-CG4816_RNAi-2,RNA-Seq,cDNA,TRANSCRIPTOMIC,SINGLE,0,0,ILLUMINA,Illumina Genome Analyzer II,SRP001537,PRJNA168994,2,168994,SRS140170,SAMN00139387,simple,7227,Drosophila melanogaster,GSM627380,,,,,,,no,,,,,GEO,SRA010243,,public,DA34AC01F89578BF76D72E46FCEA2030,0538455F9745F4137C4E39A537477035
SRR074493,"Dec 04, 2010","May 29, 2014",24419097,1855851372,0,76,865,,http://sra-download.ncbi.nlm.nih.gov/srapub/SRR074493,SRX032554,GSM627381: S2-DRSC-CG4878-RNAi-1,RNA-Seq,cDNA,TRANSCRIPTOMIC,SINGLE,0,0,ILLUMINA,Illumina Genome Analyzer II,SRP001537,PRJNA168994,2,168994,SRS140171,SAMN00139388,simple,7227,Drosophila melanogaster,GSM627381,,,,,,,no,,,,,GEO,SRA010243,,public,957B1B1CE713D96FDDA6AD2DE6143BDD,4E55DEC9A726DEEE5B7073B5F72AF07A
SRR074494,"Dec 04, 2010","May 29, 2014",9280940,705351440,0,76,300,,http://sra-download.ncbi.nlm.nih.gov/srapub/SRR074494,SRX032555,GSM627382: S2-DRSC-CG4878-RNAi-2,RNA-Seq,cDNA,TRANSCRIPTOMIC,SINGLE,0,0,ILLUMINA,Illumina Genome Analyzer II,SRP001537,PRJNA168994,2,168994,SRS140172,SAMN00139389,simple,7227,Drosophila melanogaster,GSM627382,,,,,,,no,,,,,GEO,SRA010243,,public,A726D80BD666BF8515C4B88F6AF35CFA,2FAA9E38927C053FF42F2991FED3D9F1
SRR074495,"Dec 04, 2010","May 29, 2014",1490099,113247524,0,76,63,,http://sra-download.ncbi.nlm.nih.gov/srapub/SRR074495,SRX032556,GSM627383: S2-DRSC-CG5099-RNAi-2,RNA-Seq,cDNA,TRANSCRIPTOMIC,SINGLE,0,0,ILLUMINA,Illumina Genome Analyzer II,SRP001537,PRJNA168994,2,168994,SRS140173,SAMN00139390,simple,7227,Drosophila melanogaster,GSM627383,,,,,,,no,,,,,GEO,SRA010243,,public,338427F33901EE72ACA6D0A2B00A623A,A711730820126A403626E8C8A7281EFB
SRR074496,"Dec 04, 2010","May 29, 2014",16002595,1216197220,0,76,813,,http://sra-download.ncbi.nlm.nih.gov/srapub/SRR074496,SRX032556,GSM627383: S2-DRSC-CG5099-RNAi-2,RNA-Seq,cDNA,TRANSCRIPTOMIC,SINGLE,0,0,ILLUMINA,Illumina Genome Analyzer II,SRP001537,PRJNA168994,2,168994,SRS140173,SAMN00139390,simple,7227,Drosophila melanogaster,GSM627383,,,,,,,no,,,,,GEO,SRA010243,,public,6FE1C01A2D4E8C5BABE9A557F847F261,A18DDE883772C68DD8E560403189727C
SRR074497,"Dec 04, 2010","May 29, 2014",14749887,1120991412,0,76,611,,http://sra-download.ncbi.nlm.nih.gov/srapub/SRR074497,SRX032557,GSM627384: S2-DRSC-CG5170-RNAi-1,RNA-Seq,cDNA,TRANSCRIPTOMIC,SINGLE,0,0,ILLUMINA,Illumina Genome Analyzer II,SRP001537,PRJNA168994,2,168994,SRS140174,SAMN00139391,simple,7227,Drosophila melanogaster,GSM627384,,,,,,,no,,,,,GEO,SRA010243,,public,9A069B4DA9796A4144D72CF001D1A3B6,6CCB43D18335EC46A536EB9384B1EFDC
SRR074498,"Dec 04, 2010","May 29, 2014",17993469,1367503644,0,76,762,,http://sra-download.ncbi.nlm.nih.gov/srapub/SRR074498,SRX032558,GSM627385: S2-DRSC-CG5170-RNAi-2,RNA-Seq,cDNA,TRANSCRIPTOMIC,SINGLE,0,0,ILLUMINA,Illumina Genome Analyzer II,SRP001537,PRJNA168994,2,168994,SRS140175,SAMN00139392,simple,7227,Drosophila melanogaster,GSM627385,,,,,,,no,,,,,GEO,SRA010243,,public,D59E7465AB75171BA0D1E39E96024B1F,AF4640704B49D0AF30FFDE6F64298FDB
SRR074499,"Dec 04, 2010","May 29, 2014",22550517,1758940326,0,78,844,,http://sra-download.ncbi.nlm.nih.gov/srapub/SRR074499,SRX032559,GSM627386: S2-DRSC-CG5422_RNAi-2,RNA-Seq,cDNA,TRANSCRIPTOMIC,SINGLE,0,0,ILLUMINA,Illumina Genome Analyzer II,SRP001537,PRJNA168994,2,168994,SRS140176,SAMN00139393,simple,7227,Drosophila melanogaster,GSM627386,,,,,,,no,,,,,GEO,SRA010243,,public,CCA66F4C4C828B4BAD0FD3667FD43C4A,7DB8AA8081938C591685EDC8A065971A
SRR074500,"Dec 04, 2010","May 29, 2014",5597648,419823600,0,75,286,,http://sra-download.ncbi.nlm.nih.gov/srapub/SRR074500,SRX032560,GSM627387: S2-DRSC-CG5442_RNAi-1,RNA-Seq,cDNA,TRANSCRIPTOMIC,SINGLE,0,0,ILLUMINA,Illumina Genome Analyzer II,SRP001537,PRJNA168994,2,168994,SRS140177,SAMN00139394,simple,7227,Drosophila melanogaster,GSM627387,,,,,,,no,,,,,GEO,SRA010243,,public,3759449626F6E141CED8AD9B809F25CC,543DCD5AC6B0F0DA0BF7FB19621F9626
SRR074501,"Dec 04, 2010","May 29, 2014",11348041,851103075,0,75,577,,http://sra-download.ncbi.nlm.nih.gov/srapub/SRR074501,SRX032560,GSM627387: S2-DRSC-CG5442_RNAi-1,RNA-Seq,cDNA,TRANSCRIPTOMIC,SINGLE,0,0,ILLUMINA,Illumina Genome Analyzer II,SRP001537,PRJNA168994,2,168994,SRS140177,SAMN00139394,simple,7227,Drosophila melanogaster,GSM627387,,,,,,,no,,,,,GEO,SRA010243,,public,A1AC9E454F285D19DC976612961E7F48,AF5541CA36084AD38459EAA48749C881
SRR074502,"Dec 04, 2010","May 29, 2014",12865893,977807868,0,76,632,,http://sra-download.ncbi.nlm.nih.gov/srapub/SRR074502,SRX032561,GSM627388: S2-DRSC-CG5442-RNAi-2,RNA-Seq,cDNA,TRANSCRIPTOMIC,SINGLE,0,0,ILLUMINA,Illumina Genome Analyzer II,SRP001537,PRJNA168994,2,168994,SRS140178,SAMN00139395,simple,7227,Drosophila melanogaster,GSM627388,,,,,,,no,,,,,GEO,SRA010243,,public,0B28AB4021504312887DDBC9E9D7DDD4,2FEE79EC37C40A4B31661D24155674F6
SRR074503,"Dec 04, 2010","May 29, 2014",29840061,2387204880,0,80,1169,,http://sra-download.ncbi.nlm.nih.gov/srapub/SRR074503,SRX032561,GSM627388: S2-DRSC-CG5442-RNAi-2,RNA-Seq,cDNA,TRANSCRIPTOMIC,SINGLE,0,0,ILLUMINA,Illumina Genome Analyzer II,SRP001537,PRJNA168994,2,168994,SRS140178,SAMN00139395,simple,7227,Drosophila melanogaster,GSM627388,,,,,,,no,,,,,GEO,SRA010243,,public,54E0F8DA3F23F23E546F5181EE64D585,0BE5A5151F9AA59874C3DC9D2F93A61C
SRR074504,"Dec 04, 2010","May 29, 2014",11992469,911427644,0,76,649,,http://sra-download.ncbi.nlm.nih.gov/srapub/SRR074504,SRX032562,GSM627389: S2-DRSC-CG5655-RNAi-2,RNA-Seq,cDNA,TRANSCRIPTOMIC,SINGLE,0,0,ILLUMINA,Illumina Genome Analyzer II,SRP001537,PRJNA168994,2,168994,SRS140179,SAMN00139396,simple,7227,Drosophila melanogaster,GSM627389,,,,,,,no,,,,,GEO,SRA010243,,public,D84EE38B6ECCA1891DB668FFAC57FE8C,09B21E3BF5C404F00D79B82E8F6B7911
SRR074505,"Dec 04, 2010","May 29, 2014",18373403,1396378628,0,76,940,,http://sra-download.ncbi.nlm.nih.gov/srapub/SRR074505,SRX032562,GSM627389: S2-DRSC-CG5655-RNAi-2,RNA-Seq,cDNA,TRANSCRIPTOMIC,SINGLE,0,0,ILLUMINA,Illumina Genome Analyzer II,SRP001537,PRJNA168994,2,168994,SRS140179,SAMN00139396,simple,7227,Drosophila melanogaster,GSM627389,,,,,,,no,,,,,GEO,SRA010243,,public,BA79A0E51DAA23EB24BFF905DCE825AD,141FB5AED1F7FF09EDF4B494C13A0B63
SRR074506,"Dec 04, 2010","May 29, 2014",29058551,2208449876,0,76,1368,,http://sra-download.ncbi.nlm.nih.gov/srapub/SRR074506,SRX032562,GSM627389: S2-DRSC-CG5655-RNAi-2,RNA-Seq,cDNA,TRANSCRIPTOMIC,SINGLE,0,0,ILLUMINA,Illumina Genome Analyzer II,SRP001537,PRJNA168994,2,168994,SRS140179,SAMN00139396,simple,7227,Drosophila melanogaster,GSM627389,,,,,,,no,,,,,GEO,SRA010243,,public,E0B97A21FFA6649674338D23E730237C,3B0234B87E75CBDCB02E8F00A933551C
SRR074507,"Dec 04, 2010","May 29, 2014",6209147,471895172,0,76,293,,http://sra-download.ncbi.nlm.nih.gov/srapub/SRR074507,SRX032563,GSM627390: S2-DRSC-CG5821-RNAi-2,RNA-Seq,cDNA,TRANSCRIPTOMIC,SINGLE,0,0,ILLUMINA,Illumina Genome Analyzer II,SRP001537,PRJNA168994,2,168994,SRS140180,SAMN00139397,simple,7227,Drosophila melanogaster,GSM627390,,,,,,,no,,,,,GEO,SRA010243,,public,A575BE6875ABDF7F4C2E85FB93A57924,DB7DE1DB977229375CD673A610776788
SRR074508,"Dec 04, 2010","May 29, 2014",17041695,1295168820,0,76,874,,http://sra-download.ncbi.nlm.nih.gov/srapub/SRR074508,SRX032563,GSM627390: S2-DRSC-CG5821-RNAi-2,RNA-Seq,cDNA,TRANSCRIPTOMIC,SINGLE,0,0,ILLUMINA,Illumina Genome Analyzer II,SRP001537,PRJNA168994,2,168994,SRS140180,SAMN00139397,simple,7227,Drosophila melanogaster,GSM627390,,,,,,,no,,,,,GEO,SRA010243,,public,D558744D8E389B734BEDA5700B3718C0,C180828E9B08E887CBAC815934979C7E
SRR074509,"Dec 04, 2010","May 29, 2014",6738524,512127824,0,76,318,,http://sra-download.ncbi.nlm.nih.gov/srapub/SRR074509,SRX032564,GSM627391: S2-DRSC-CG5836-RNAi-2,RNA-Seq,cDNA,TRANSCRIPTOMIC,SINGLE,0,0,ILLUMINA,Illumina Genome Analyzer II,SRP001537,PRJNA168994,2,168994,SRS140181,SAMN00139398,simple,7227,Drosophila melanogaster,GSM627391,,,,,,,no,,,,,GEO,SRA010243,,public,3BF62EDF509BE687AACBA86343A1B13D,86F0F5D36954B9C4CE9B3A5AB656322C
SRR074510,"Dec 04, 2010","May 29, 2014",15927643,1210500868,0,76,810,,http://sra-download.ncbi.nlm.nih.gov/srapub/SRR074510,SRX032564,GSM627391: S2-DRSC-CG5836-RNAi-2,RNA-Seq,cDNA,TRANSCRIPTOMIC,SINGLE,0,0,ILLUMINA,Illumina Genome Analyzer II,SRP001537,PRJNA168994,2,168994,SRS140181,SAMN00139398,simple,7227,Drosophila melanogaster,GSM627391,,,,,,,no,,,,,GEO,SRA010243,,public,70DECB77645ED78B9B5C704E97A202D9,E879B330B76047E5887E655DAC3291F7
SRR074511,"Dec 04, 2010","May 29, 2014",19262404,1502467512,0,78,653,,http://sra-download.ncbi.nlm.nih.gov/srapub/SRR074511,SRX032565,GSM627392: S2-DRSC-CG6049-RNAi-1,RNA-Seq,cDNA,TRANSCRIPTOMIC,SINGLE,0,0,ILLUMINA,Illumina Genome Analyzer II,SRP001537,PRJNA168994,2,168994,SRS140182,SAMN00139399,simple,7227,Drosophila melanogaster,GSM627392,,,,,,,no,,,,,GEO,SRA010243,,public,F9CB7FA6FB35A47A2B5160D5128F4841,C3B3B52FA2D97E72966C3040552D2400
SRR074512,"Dec 04, 2010","May 29, 2014",12126958,945902724,0,78,434,,http://sra-download.ncbi.nlm.nih.gov/srapub/SRR074512,SRX032566,GSM627393: S2-DRSC-CG6049-RNAi-2,RNA-Seq,cDNA,TRANSCRIPTOMIC,SINGLE,0,0,ILLUMINA,Illumina Genome Analyzer II,SRP001537,PRJNA168994,2,168994,SRS140183,SAMN00139400,simple,7227,Drosophila melanogaster,GSM627393,,,,,,,no,,,,,GEO,SRA010243,,public,0961A1A946C3653463CE99A48C279A38,0FCE29A6EFF76FCFA846038CC59CAEA9
SRR074513,"Dec 08, 2010","May 29, 2014",15093505,1147106380,0,76,615,,http://sra-download.ncbi.nlm.nih.gov/srapub/SRR074513,SRX032567,GSM627394: S2-DRSC-CG6203-RNAi-1,RNA-Seq,cDNA,TRANSCRIPTOMIC,SINGLE,0,0,ILLUMINA,Illumina Genome Analyzer II,SRP001537,PRJNA168994,2,168994,SRS140184,SAMN00139401,simple,7227,Drosophila melanogaster,GSM627394,,,,,,,no,,,,,GEO,SRA010243,,public,B9D02CDFF4D9D5C27303040E4587586A,AD9106DB980388BFFCD305EBD837C063
SRR074514,"Dec 04, 2010","May 29, 2014",18366770,1395874520,0,76,780,,http://sra-download.ncbi.nlm.nih.gov/srapub/SRR074514,SRX032568,GSM627395: S2-DRSC-CG6203-RNAi-2,RNA-Seq,cDNA,TRANSCRIPTOMIC,SINGLE,0,0,ILLUMINA,Illumina Genome Analyzer II,SRP001537,PRJNA168994,2,168994,SRS140185,SAMN00139402,simple,7227,Drosophila melanogaster,GSM627395,,,,,,,no,,,,,GEO,SRA010243,,public,F01D38116F70B4E41EC1026F4B57DC5B,B28B94BC915C9E2D8297B6B071B46DDE
SRR074515,"Dec 04, 2010","May 29, 2014",2724749,217979920,0,80,100,,http://sra-download.ncbi.nlm.nih.gov/srapub/SRR074515,SRX032569,GSM627396: S2-DRSC-CG6227_RNAi-1,RNA-Seq,cDNA,TRANSCRIPTOMIC,SINGLE,0,0,ILLUMINA,Illumina Genome Analyzer II,SRP001537,PRJNA168994,2,168994,SRS140186,SAMN00139403,simple,7227,Drosophila melanogaster,GSM627396,,,,,,,no,,,,,GEO,SRA010243,,public,824FCF269555F0A66DC8624DB6E72C33,DAE9754621D22AA395F546309327A77E
SRR074516,"Dec 04, 2010","May 29, 2014",19048185,1523854800,0,80,674,,http://sra-download.ncbi.nlm.nih.gov/srapub/SRR074516,SRX032570,GSM627397: S2-DRSC-CG6227_RNAi-2,RNA-Seq,cDNA,TRANSCRIPTOMIC,SINGLE,0,0,ILLUMINA,Illumina Genome Analyzer II,SRP001537,PRJNA168994,2,168994,SRS140187,SAMN00139404,simple,7227,Drosophila melanogaster,GSM627397,,,,,,,no,,,,,GEO,SRA010243,,public,2AD0B664A0AB4CD73FE7CB10FEF6AB68,0A584CDF7F96D99762F6F2DC6DCC3FD3
SRR074517,"Dec 04, 2010","May 29, 2014",28394286,2271542880,0,80,1082,,http://sra-download.ncbi.nlm.nih.gov/srapub/SRR074517,SRX032571,GSM627398: S2-DRSC-CG6841_RNAi-1,RNA-Seq,cDNA,TRANSCRIPTOMIC,SINGLE,0,0,ILLUMINA,Illumina Genome Analyzer II,SRP001537,PRJNA168994,2,168994,SRS140188,SAMN00139405,simple,7227,Drosophila melanogaster,GSM627398,,,,,,,no,,,,,GEO,SRA010243,,public,258C8D8875E234C1900C42FB3DE2BB78,3446EFC7167AD18724DF09847DA33B6C
SRR074518,"Dec 04, 2010","May 29, 2014",12587305,1006984400,0,80,444,,http://sra-download.ncbi.nlm.nih.gov/srapub/SRR074518,SRX032572,GSM627399: S2-DRSC-CG6841_RNAi-2,RNA-Seq,cDNA,TRANSCRIPTOMIC,SINGLE,0,0,ILLUMINA,Illumina Genome Analyzer II,SRP001537,PRJNA168994,2,168994,SRS140189,SAMN00139406,simple,7227,Drosophila melanogaster,GSM627399,,,,,,,no,,,,,GEO,SRA010243,,public,03B3140AEEF62566A327A521818095B5,9BEE421673196389508481D77525D94C
SRR074519,"Dec 04, 2010","May 29, 2014",10713919,814257844,0,76,498,,http://sra-download.ncbi.nlm.nih.gov/srapub/SRR074519,SRX032573,GSM627400: S2-DRSC-CG6946-RNAi-2,RNA-Seq,cDNA,TRANSCRIPTOMIC,SINGLE,0,0,ILLUMINA,Illumina Genome Analyzer II,SRP001537,PRJNA168994,2,168994,SRS140190,SAMN00139407,simple,7227,Drosophila melanogaster,GSM627400,,,,,,,no,,,,,GEO,SRA010243,,public,D6E1955F3AC41A0138285D079EE3AD18,AFAAD63DBCBE4C68F44CAED6F42BBB2D
SRR074520,"Dec 04, 2010","May 29, 2014",14687142,1116222792,0,76,747,,http://sra-download.ncbi.nlm.nih.gov/srapub/SRR074520,SRX032573,GSM627400: S2-DRSC-CG6946-RNAi-2,RNA-Seq,cDNA,TRANSCRIPTOMIC,SINGLE,0,0,ILLUMINA,Illumina Genome Analyzer II,SRP001537,PRJNA168994,2,168994,SRS140190,SAMN00139407,simple,7227,Drosophila melanogaster,GSM627400,,,,,,,no,,,,,GEO,SRA010243,,public,FA21796DB448D183D4E7C35A76990471,C29A2CC13DDBE016512C83DD9E66B5D8
SRR074521,"Dec 04, 2010","May 29, 2014",1175249,89318924,0,76,56,,http://sra-download.ncbi.nlm.nih.gov/srapub/SRR074521,SRX032574,GSM627401: S2-DRSC-CG7437-RNAi-2,RNA-Seq,cDNA,TRANSCRIPTOMIC,SINGLE,0,0,ILLUMINA,Illumina Genome Analyzer II,SRP001537,PRJNA168994,2,168994,SRS140191,SAMN00139408,simple,7227,Drosophila melanogaster,GSM627401,,,,,,,no,,,,,GEO,SRA010243,,public,65677DDBD3DA85223CB80870044A4736,AB749D10A6656F2DF19DE63F732D358C
SRR074522,"Dec 04, 2010","May 29, 2014",17186926,1306206376,0,76,901,,http://sra-download.ncbi.nlm.nih.gov/srapub/SRR074522,SRX032574,GSM627401: S2-DRSC-CG7437-RNAi-2,RNA-Seq,cDNA,TRANSCRIPTOMIC,SINGLE,0,0,ILLUMINA,Illumina Genome Analyzer II,SRP001537,PRJNA168994,2,168994,SRS140191,SAMN00139408,simple,7227,Drosophila melanogaster,GSM627401,,,,,,,no,,,,,GEO,SRA010243,,public,C05AA3DCD363F124460DB46E1D7E098A,F0EA700A6814B7944B8F8F2FC58B542A
SRR074523,"Dec 04, 2010","May 29, 2014",1148066,87253016,0,76,51,,http://sra-download.ncbi.nlm.nih.gov/srapub/SRR074523,SRX032575,GSM627402: S2-DRSC-CG7971-RNAi-2,RNA-Seq,cDNA,TRANSCRIPTOMIC,SINGLE,0,0,ILLUMINA,Illumina Genome Analyzer II,SRP001537,PRJNA168994,2,168994,SRS140192,SAMN00139409,simple,7227,Drosophila melanogaster,GSM627402,,,,,,,no,,,,,GEO,SRA010243,,public,9D46C999ED8DE8BF95A100CDD45A25CA,FAEB4F53F90F61653170FED454010C01
SRR074524,"Dec 04, 2010","May 29, 2014",9299532,706764432,0,76,477,,http://sra-download.ncbi.nlm.nih.gov/srapub/SRR074524,SRX032575,GSM627402: S2-DRSC-CG7971-RNAi-2,RNA-Seq,cDNA,TRANSCRIPTOMIC,SINGLE,0,0,ILLUMINA,Illumina Genome Analyzer II,SRP001537,PRJNA168994,2,168994,SRS140192,SAMN00139409,simple,7227,Drosophila melanogaster,GSM627402,,,,,,,no,,,,,GEO,SRA010243,,public,6BE9EAF1FEDE53C1327FCA90853AAF13,0FF8BD9EEBDD5CEA46A3511E2E35AF92
SRR074525,"Dec 04, 2010","May 29, 2014",11413806,913104480,0,80,410,,http://sra-download.ncbi.nlm.nih.gov/srapub/SRR074525,SRX032576,GSM627403: S2-DRSC-CG8019_RNAi-1,RNA-Seq,cDNA,TRANSCRIPTOMIC,SINGLE,0,0,ILLUMINA,Illumina Genome Analyzer II,SRP001537,PRJNA168994,2,168994,SRS140193,SAMN00139410,simple,7227,Drosophila melanogaster,GSM627403,,,,,,,no,,,,,GEO,SRA010243,,public,BE0E7F7E8B27F129C8D40F8EE4039AEC,96216F76C6AC660D82B6E4511B1BB960
SRR074526,"Dec 08, 2010","May 29, 2014",28414392,2273151360,0,80,1112,,http://sra-download.ncbi.nlm.nih.gov/srapub/SRR074526,SRX032577,GSM627404: S2-DRSC-CG8019_RNAi-2,RNA-Seq,cDNA,TRANSCRIPTOMIC,SINGLE,0,0,ILLUMINA,Illumina Genome Analyzer II,SRP001537,PRJNA168994,2,168994,SRS140194,SAMN00139411,simple,7227,Drosophila melanogaster,GSM627404,,,,,,,no,,,,,GEO,SRA010243,,public,1855CB3747EE256778FA566EDCBFC0EA,CAEA0DB29D47D57544DBA6EB014743CD
SRR074527,"Dec 04, 2010","May 29, 2014",8814176,705134080,0,80,299,,http://sra-download.ncbi.nlm.nih.gov/srapub/SRR074527,SRX032578,GSM627405: S2-DRSC-CG8241_RNAi-1,RNA-Seq,cDNA,TRANSCRIPTOMIC,SINGLE,0,0,ILLUMINA,Illumina Genome Analyzer II,SRP001537,PRJNA168994,2,168994,SRS140195,SAMN00139412,simple,7227,Drosophila melanogaster,GSM627405,,,,,,,no,,,,,GEO,SRA010243,,public,DF6CADACCC334ED02BB911E28F919DEB,0CCCEA939009A3C3380899EB4F118B39
SRR074528,"Dec 08, 2010","May 29, 2014",24179763,1934381040,0,80,870,,http://sra-download.ncbi.nlm.nih.gov/srapub/SRR074528,SRX032579,GSM627406: S2-DRSC-CG8241_RNAi-2,RNA-Seq,cDNA,TRANSCRIPTOMIC,SINGLE,0,0,ILLUMINA,Illumina Genome Analyzer II,SRP001537,PRJNA168994,2,168994,SRS140196,SAMN00139413,simple,7227,Drosophila melanogaster,GSM627406,,,,,,,no,,,,,GEO,SRA010243,,public,3BB90D3EF9EDAA2B9E22A0F49259BAC9,CE015F8787448B0874FCD681F5DF7036
SRR074529,"Dec 08, 2010","May 29, 2014",18882149,1472807622,0,78,668,,http://sra-download.ncbi.nlm.nih.gov/srapub/SRR074529,SRX032580,GSM627407: S2-DRSC-CG8636-RNAi-1,RNA-Seq,cDNA,TRANSCRIPTOMIC,SINGLE,0,0,ILLUMINA,Illumina Genome Analyzer II,SRP001537,PRJNA168994,2,168994,SRS140197,SAMN00139414,simple,7227,Drosophila melanogaster,GSM627407,,,,,,,no,,,,,GEO,SRA010243,,public,E29B6D48FFFFDFE8B50C1134310193B0,C169BB26716F2645268DC10461C87D0F
SRR074530,"Dec 04, 2010","May 29, 2014",23491306,1879304480,0,80,785,,http://sra-download.ncbi.nlm.nih.gov/srapub/SRR074530,SRX032580,GSM627407: S2-DRSC-CG8636-RNAi-1,RNA-Seq,cDNA,TRANSCRIPTOMIC,SINGLE,0,0,ILLUMINA,Illumina Genome Analyzer II,SRP001537,PRJNA168994,2,168994,SRS140197,SAMN00139414,simple,7227,Drosophila melanogaster,GSM627407,,,,,,,no,,,,,GEO,SRA010243,,public,E9FE3E3F9A9BFAC0CDDC7938AF869C16,A7E9664B982E98BF91DFE2E79B002491
SRR074531,"Dec 08, 2010","May 29, 2014",4350658,339351324,0,78,151,,http://sra-download.ncbi.nlm.nih.gov/srapub/SRR074531,SRX032581,GSM627408: S2-DRSC-CG8636-RNAi-2,RNA-Seq,cDNA,TRANSCRIPTOMIC,SINGLE,0,0,ILLUMINA,Illumina Genome Analyzer II,SRP001537,PRJNA168994,2,168994,SRS140198,SAMN00139415,simple,7227,Drosophila melanogaster,GSM627408,,,,,,,no,,,,,GEO,SRA010243,,public,486BAE56E5DF95066042D9EDFCBB9545,682678814643EC7CD43A727D9504D3AA
SRR074532,"Dec 08, 2010","May 29, 2014",17884219,1394969082,0,78,608,,http://sra-download.ncbi.nlm.nih.gov/srapub/SRR074532,SRX032582,GSM627409: S2-DRSC-CG8749-RNAi-1,RNA-Seq,cDNA,TRANSCRIPTOMIC,SINGLE,0,0,ILLUMINA,Illumina Genome Analyzer II,SRP001537,PRJNA168994,2,168994,SRS140199,SAMN00139416,simple,7227,Drosophila melanogaster,GSM627409,,,,,,,no,,,,,GEO,SRA010243,,public,D84CB3DE00A1C1B4A908C9A025D66F75,A79C2DCB4203D91E0C29CF79C9EEAB8C
SRR074533,"Dec 04, 2010","May 29, 2014",15753971,1228809738,0,78,542,,http://sra-download.ncbi.nlm.nih.gov/srapub/SRR074533,SRX032583,GSM627410: S2-DRSC-CG8749-RNAi-2,RNA-Seq,cDNA,TRANSCRIPTOMIC,SINGLE,0,0,ILLUMINA,Illumina Genome Analyzer II,SRP001537,PRJNA168994,2,168994,SRS140200,SAMN00139417,simple,7227,Drosophila melanogaster,GSM627410,,,,,,,no,,,,,GEO,SRA010243,,public,FF5C2B5366EF902200646D73D13A94F6,238DD08446333379630662727748FBEE
SRR074534,"Dec 04, 2010","May 29, 2014",15213581,1186659318,0,78,528,,http://sra-download.ncbi.nlm.nih.gov/srapub/SRR074534,SRX032584,GSM627411: S2-DRSC-CG8781-RNAi-1,RNA-Seq,cDNA,TRANSCRIPTOMIC,SINGLE,0,0,ILLUMINA,Illumina Genome Analyzer II,SRP001537,PRJNA168994,2,168994,SRS140201,SAMN00139418,simple,7227,Drosophila melanogaster,GSM627411,,,,,,,no,,,,,GEO,SRA010243,,public,829F89C090ADD498EE0EFEEE0DA81DA0,2597C8EFD97AD7774A9D1D12324C0429
SRR074535,"Dec 04, 2010","May 29, 2014",20321397,1625711760,0,80,744,,http://sra-download.ncbi.nlm.nih.gov/srapub/SRR074535,SRX032584,GSM627411: S2-DRSC-CG8781-RNAi-1,RNA-Seq,cDNA,TRANSCRIPTOMIC,SINGLE,0,0,ILLUMINA,Illumina Genome Analyzer II,SRP001537,PRJNA168994,2,168994,SRS140201,SAMN00139418,simple,7227,Drosophila melanogaster,GSM627411,,,,,,,no,,,,,GEO,SRA010243,,public,B3652E857749AD7C80B195FE33D2E6BE,96BC90CC1C7A63890084CFDED8ACAADE
SRR074536,"Dec 08, 2010","May 29, 2014",4461583,348003474,0,78,156,,http://sra-download.ncbi.nlm.nih.gov/srapub/SRR074536,SRX032585,GSM627412: S2-DRSC-CG8781-RNAi-2,RNA-Seq,cDNA,TRANSCRIPTOMIC,SINGLE,0,0,ILLUMINA,Illumina Genome Analyzer II,SRP001537,PRJNA168994,2,168994,SRS140202,SAMN00139419,simple,7227,Drosophila melanogaster,GSM627412,,,,,,,no,,,,,GEO,SRA010243,,public,56E2AF3A1F0BE8E5D6F2A3D1A36F16E5,9A5C0A82714675A901FC109B60ED306C
SRR074537,"Dec 04, 2010","May 29, 2014",4019010,321520800,0,80,134,,http://sra-download.ncbi.nlm.nih.gov/srapub/SRR074537,SRX032585,GSM627412: S2-DRSC-CG8781-RNAi-2,RNA-Seq,cDNA,TRANSCRIPTOMIC,SINGLE,0,0,ILLUMINA,Illumina Genome Analyzer II,SRP001537,PRJNA168994,2,168994,SRS140202,SAMN00139419,simple,7227,Drosophila melanogaster,GSM627412,,,,,,,no,,,,,GEO,SRA010243,,public,FDAA74645D7DF2271594BBC984F5E73D,5922A779E04FA1664C29006F98964458
SRR074538,"Dec 08, 2010","May 29, 2014",2523276,191768976,0,76,92,,http://sra-download.ncbi.nlm.nih.gov/srapub/SRR074538,SRX032586,GSM627413: S2-DRSC-CG8912-RNAi-1,RNA-Seq,cDNA,TRANSCRIPTOMIC,SINGLE,0,0,ILLUMINA,Illumina Genome Analyzer II,SRP001537,PRJNA168994,2,168994,SRS140203,SAMN00139420,simple,7227,Drosophila melanogaster,GSM627413,,,,,,,no,,,,,GEO,SRA010243,,public,9D2887D0B37017FDF27121DBD31C0B21,F288018A102993202ADBFD28E04A1A78
SRR074539,"Dec 04, 2010","May 29, 2014",4774986,362898936,0,76,159,,http://sra-download.ncbi.nlm.nih.gov/srapub/SRR074539,SRX032586,GSM627413: S2-DRSC-CG8912-RNAi-1,RNA-Seq,cDNA,TRANSCRIPTOMIC,SINGLE,0,0,ILLUMINA,Illumina Genome Analyzer II,SRP001537,PRJNA168994,2,168994,SRS140203,SAMN00139420,simple,7227,Drosophila melanogaster,GSM627413,,,,,,,no,,,,,GEO,SRA010243,,public,F621507F54D94D9D13CCCC2D82CA18C8,0A944735D3E0D547429427EE6FCDC142
SRR074540,"Dec 08, 2010","May 29, 2014",8305789,631239964,0,76,325,,http://sra-download.ncbi.nlm.nih.gov/srapub/SRR074540,SRX032586,GSM627413: S2-DRSC-CG8912-RNAi-1,RNA-Seq,cDNA,TRANSCRIPTOMIC,SINGLE,0,0,ILLUMINA,Illumina Genome Analyzer II,SRP001537,PRJNA168994,2,168994,SRS140203,SAMN00139420,simple,7227,Drosophila melanogaster,GSM627413,,,,,,,no,,,,,GEO,SRA010243,,public,B9AEBB25E4D7BF1DA08E0DB6F2146A79,9AF9DDF66C0AF1468DB250DC60EE96F5
SRR074541,"Dec 04, 2010","May 29, 2014",9189936,698435136,0,76,305,,http://sra-download.ncbi.nlm.nih.gov/srapub/SRR074541,SRX032587,GSM627414: S2-DRSC-CG8912-RNAi-2,RNA-Seq,cDNA,TRANSCRIPTOMIC,SINGLE,0,0,ILLUMINA,Illumina Genome Analyzer II,SRP001537,PRJNA168994,2,168994,SRS140204,SAMN00139421,simple,7227,Drosophila melanogaster,GSM627414,,,,,,,no,,,,,GEO,SRA010243,,public,824FB2CE34C901BF76D09275855C37BB,A5BF8F17FEF3066930B8F4541C0FCE01
SRR074542,"Dec 08, 2010","May 29, 2014",4303637,327076412,0,76,161,,http://sra-download.ncbi.nlm.nih.gov/srapub/SRR074542,SRX032587,GSM627414: S2-DRSC-CG8912-RNAi-2,RNA-Seq,cDNA,TRANSCRIPTOMIC,SINGLE,0,0,ILLUMINA,Illumina Genome Analyzer II,SRP001537,PRJNA168994,2,168994,SRS140204,SAMN00139421,simple,7227,Drosophila melanogaster,GSM627414,,,,,,,no,,,,,GEO,SRA010243,,public,67A0FF094B156D19D4C3DB243FD3958B,2B6EA45CB43FAD410A130E3962F4700A
SRR074543,"Dec 04, 2010","May 29, 2014",9318084,708174384,0,76,367,,http://sra-download.ncbi.nlm.nih.gov/srapub/SRR074543,SRX032587,GSM627414: S2-DRSC-CG8912-RNAi-2,RNA-Seq,cDNA,TRANSCRIPTOMIC,SINGLE,0,0,ILLUMINA,Illumina Genome Analyzer II,SRP001537,PRJNA168994,2,168994,SRS140204,SAMN00139421,simple,7227,Drosophila melanogaster,GSM627414,,,,,,,no,,,,,GEO,SRA010243,,public,88DB28248A48598AB14BB79A86AFAA94,3D96BF93EE3042BA7E768513FA2409B4
SRR074544,"Dec 08, 2010","May 29, 2014",8729998,663479848,0,76,399,,http://sra-download.ncbi.nlm.nih.gov/srapub/SRR074544,SRX032588,GSM627415: S2-DRSC-CG9373-RNAi-2,RNA-Seq,cDNA,TRANSCRIPTOMIC,SINGLE,0,0,ILLUMINA,Illumina Genome Analyzer II,SRP001537,PRJNA168994,2,168994,SRS140205,SAMN00139422,simple,7227,Drosophila melanogaster,GSM627415,,,,,,,no,,,,,GEO,SRA010243,,public,75C45782AC933114CBBAA0A9B8C7D089,BB437ABE94BC09F41F8390C9119830FC
SRR074545,"Dec 08, 2010","May 29, 2014",29147104,2331768320,0,80,1122,,http://sra-download.ncbi.nlm.nih.gov/srapub/SRR074545,SRX032588,GSM627415: S2-DRSC-CG9373-RNAi-2,RNA-Seq,cDNA,TRANSCRIPTOMIC,SINGLE,0,0,ILLUMINA,Illumina Genome Analyzer II,SRP001537,PRJNA168994,2,168994,SRS140205,SAMN00139422,simple,7227,Drosophila melanogaster,GSM627415,,,,,,,no,,,,,GEO,SRA010243,,public,73D8DA5096F45CEF5BC8C2215C830640,8FBDDF9803B92A089E8C4BAFD3FD902C
SRR074546,"Dec 08, 2010","May 29, 2014",28315958,2265276640,0,80,1104,,http://sra-download.ncbi.nlm.nih.gov/srapub/SRR074546,SRX032588,GSM627415: S2-DRSC-CG9373-RNAi-2,RNA-Seq,cDNA,TRANSCRIPTOMIC,SINGLE,0,0,ILLUMINA,Illumina Genome Analyzer II,SRP001537,PRJNA168994,2,168994,SRS140205,SAMN00139422,simple,7227,Drosophila melanogaster,GSM627415,,,,,,,no,,,,,GEO,SRA010243,,public,04BE312B802C229EEBC9D73C02D253BD,271A59192FF741B585A9DDD49D28E8CF
SRR074547,"Dec 04, 2010","May 29, 2014",21514097,1635071372,0,76,733,,http://sra-download.ncbi.nlm.nih.gov/srapub/SRR074547,SRX032589,GSM627416: S2-DRSC-CG9412-RNAi-1,RNA-Seq,cDNA,TRANSCRIPTOMIC,SINGLE,0,0,ILLUMINA,Illumina Genome Analyzer II,SRP001537,PRJNA168994,2,168994,SRS140206,SAMN00139423,simple,7227,Drosophila melanogaster,GSM627416,,,,,,,no,,,,,GEO,SRA010243,,public,D503DB85463B7FAB85217B2B434683A8,041E070237E0F66FC3A957A327C415FC
SRR074548,"Dec 04, 2010","May 29, 2014",22270197,1692534972,0,76,785,,http://sra-download.ncbi.nlm.nih.gov/srapub/SRR074548,SRX032590,GSM627417: S2-DRSC-CG9412-RNAi-2,RNA-Seq,cDNA,TRANSCRIPTOMIC,SINGLE,0,0,ILLUMINA,Illumina Genome Analyzer II,SRP001537,PRJNA168994,2,168994,SRS140207,SAMN00139424,simple,7227,Drosophila melanogaster,GSM627417,,,,,,,no,,,,,GEO,SRA010243,,public,3C2D3F0AF276CCB0006C51FF320A51E0,4828100FF4C2EA9CAF16C11AAF41CAA4
SRR074549,"Dec 08, 2010","May 29, 2014",3344662,254194312,0,76,143,,http://sra-download.ncbi.nlm.nih.gov/srapub/SRR074549,SRX032591,GSM627418: S2-DRSC-CG9983-RNAi-2,RNA-Seq,cDNA,TRANSCRIPTOMIC,SINGLE,0,0,ILLUMINA,Illumina Genome Analyzer II,SRP001537,PRJNA168994,2,168994,SRS140208,SAMN00139425,simple,7227,Drosophila melanogaster,GSM627418,,,,,,,no,,,,,GEO,SRA010243,,public,DB86DED3E6A94BACB9BB12092680E146,9ADB4C0FC61A3E6A4544BBE084A55BE0
SRR074550,"Dec 04, 2010","May 29, 2014",17125869,1301566044,0,76,872,,http://sra-download.ncbi.nlm.nih.gov/srapub/SRR074550,SRX032591,GSM627418: S2-DRSC-CG9983-RNAi-2,RNA-Seq,cDNA,TRANSCRIPTOMIC,SINGLE,0,0,ILLUMINA,Illumina Genome Analyzer II,SRP001537,PRJNA168994,2,168994,SRS140208,SAMN00139425,simple,7227,Drosophila melanogaster,GSM627418,,,,,,,no,,,,,GEO,SRA010243,,public,22BDDD86DF859F0CD8FF702B0999F1AC,BDEFC71CD2B737F1218161EF0624389E
SRR031708,"Dec 18, 2009","May 26, 2014",5836296,262633320,0,45,154,,http://sra-download.ncbi.nlm.nih.gov/srapub/SRR031708,SRX014458,S2_DRSC_Untreated-1,RNA-Seq,cDNA,TRANSCRIPTOMIC,SINGLE,0,0,ILLUMINA,Illumina Genome Analyzer II,SRP001537,PRJNA168994,2,168994,SRS008446,SAMN00006272,simple,7227,Drosophila melanogaster,GSM461176,,,,,,,no,,,,,GEO,SRA010243,,public,75C01931E17D6A7D643F87BE01763FB4,FD0E2D191CBE332284FAF417168D3C1F
SRR031709,"Dec 16, 2009","May 26, 2014",3812809,171576405,0,45,98,,http://sra-download.ncbi.nlm.nih.gov/srapub/SRR031709,SRX014458,S2_DRSC_Untreated-1,RNA-Seq,cDNA,TRANSCRIPTOMIC,SINGLE,0,0,ILLUMINA,Illumina Genome Analyzer II,SRP001537,PRJNA168994,2,168994,SRS008446,SAMN00006272,simple,7227,Drosophila melanogaster,GSM461176,,,,,,,no,,,,,GEO,SRA010243,,public,65F82DE77CABABCCF623C5341C641383,06A008DBDA45910A182464E25C680BF3
SRR031710,"Dec 16, 2009","May 26, 2014",5781029,260146305,0,45,163,,http://sra-download.ncbi.nlm.nih.gov/srapub/SRR031710,SRX014458,S2_DRSC_Untreated-1,RNA-Seq,cDNA,TRANSCRIPTOMIC,SINGLE,0,0,ILLUMINA,Illumina Genome Analyzer II,SRP001537,PRJNA168994,2,168994,SRS008446,SAMN00006272,simple,7227,Drosophila melanogaster,GSM461176,,,,,,,no,,,,,GEO,SRA010243,,public,D743541A4B9729131EF57436869375EF,B0731D49448F49E7AF31454DA3AEA676
SRR031711,"Dec 16, 2009","May 26, 2014",6064911,272920995,0,45,168,,http://sra-download.ncbi.nlm.nih.gov/srapub/SRR031711,SRX014458,S2_DRSC_Untreated-1,RNA-Seq,cDNA,TRANSCRIPTOMIC,SINGLE,0,0,ILLUMINA,Illumina Genome Analyzer II,SRP001537,PRJNA168994,2,168994,SRS008446,SAMN00006272,simple,7227,Drosophila melanogaster,GSM461176,,,,,,,no,,,,,GEO,SRA010243,,public,6E1AE5772900007B969DABD3B3317298,2957D7BDD4F121DB98564EA976F3278D
SRR031712,"Dec 18, 2009","May 26, 2014",6313495,284107275,0,45,181,,http://sra-download.ncbi.nlm.nih.gov/srapub/SRR031712,SRX014458,S2_DRSC_Untreated-1,RNA-Seq,cDNA,TRANSCRIPTOMIC,SINGLE,0,0,ILLUMINA,Illumina Genome Analyzer II,SRP001537,PRJNA168994,2,168994,SRS008446,SAMN00006272,simple,7227,Drosophila melanogaster,GSM461176,,,,,,,no,,,,,GEO,SRA010243,,public,FB59C66B25F03ACCB5A404CA72110BA7,D7F050A3BBB6330E75874D9F2FFE59E6
SRR031713,"Dec 18, 2009","May 26, 2014",6475981,291419145,0,45,184,,http://sra-download.ncbi.nlm.nih.gov/srapub/SRR031713,SRX014458,S2_DRSC_Untreated-1,RNA-Seq,cDNA,TRANSCRIPTOMIC,SINGLE,0,0,ILLUMINA,Illumina Genome Analyzer II,SRP001537,PRJNA168994,2,168994,SRS008446,SAMN00006272,simple,7227,Drosophila melanogaster,GSM461176,,,,,,,no,,,,,GEO,SRA010243,,public,623284907EB99B7BF91D7432597271BD,467E1757BF394408EBAE53BE1116421F
SRR031714,"Jan 15, 2010","May 26, 2014",5327425,394229450,5327425,74,171,,http://sra-download.ncbi.nlm.nih.gov/srapub/SRR031714,SRX014459,S2_DRSC_Untreated-3,RNA-Seq,cDNA,TRANSCRIPTOMIC,PAIRED,200,0,ILLUMINA,Illumina Genome Analyzer II,SRP001537,PRJNA168994,2,168994,SRS008447,SAMN00006273,simple,7227,Drosophila melanogaster,GSM461177,,,,,,,no,,,,,GEO,SRA010243,,public,72231303246B614BAC299F51F4CC4DF4,7B18FBEB157F69E9FB0845307659F38C
SRR031715,"Jan 21, 2010","May 26, 2014",5248396,388381304,5248396,74,172,,http://sra-download.ncbi.nlm.nih.gov/srapub/SRR031715,SRX014459,S2_DRSC_Untreated-3,RNA-Seq,cDNA,TRANSCRIPTOMIC,PAIRED,200,0,ILLUMINA,Illumina Genome Analyzer II,SRP001537,PRJNA168994,2,168994,SRS008447,SAMN00006273,simple,7227,Drosophila melanogaster,GSM461177,,,,,,,no,,,,,GEO,SRA010243,,public,2429D3738BE348D0374396A9C3D198F1,895AF99B2631B1B15E70CF0F3E1F66DA
SRR031716,"Jan 15, 2010","May 26, 2014",5921707,438206318,5921707,74,228,,http://sra-download.ncbi.nlm.nih.gov/srapub/SRR031716,SRX014460,S2_DRSC_Untreated-4,RNA-Seq,cDNA,TRANSCRIPTOMIC,PAIRED,200,0,ILLUMINA,Illumina Genome Analyzer II,SRP001537,PRJNA168994,2,168994,SRS008448,SAMN00006274,simple,7227,Drosophila melanogaster,GSM461178,,,,,,,no,,,,,GEO,SRA010243,,public,3B87BC6C1714A474FC684054200176FF,F9DB21F9D56D0C20479B4FDC6B3B91B8
SRR031717,"Jan 15, 2010","May 26, 2014",6308395,466821230,6308395,74,280,,http://sra-download.ncbi.nlm.nih.gov/srapub/SRR031717,SRX014460,S2_DRSC_Untreated-4,RNA-Seq,cDNA,TRANSCRIPTOMIC,PAIRED,200,0,ILLUMINA,Illumina Genome Analyzer II,SRP001537,PRJNA168994,2,168994,SRS008448,SAMN00006274,simple,7227,Drosophila melanogaster,GSM461178,,,,,,,no,,,,,GEO,SRA010243,,public,C4ADA0673B1403C8CA1377F7F135E3F6,2E02361B82EB5FE4C13ED840650EF3BE
SRR031718,"Dec 16, 2009","May 26, 2014",6724171,302587695,0,45,160,,http://sra-download.ncbi.nlm.nih.gov/srapub/SRR031718,SRX014461,S2_DRSC_CG8144_RNAi-1,RNA-Seq,cDNA,TRANSCRIPTOMIC,SINGLE,0,0,ILLUMINA,Illumina Genome Analyzer II,SRP001537,PRJNA168994,2,168994,SRS008449,SAMN00006275,simple,7227,Drosophila melanogaster,GSM461179,,,,,,,no,,,,,GEO,SRA010243,,public,38F57EF7BA1C37B66C53D8ACDE5780D5,BED61F6F43318C064C33EEDD4E047B60
SRR031719,"Dec 16, 2009","May 26, 2014",4310978,189683032,0,44,114,,http://sra-download.ncbi.nlm.nih.gov/srapub/SRR031719,SRX014461,S2_DRSC_CG8144_RNAi-1,RNA-Seq,cDNA,TRANSCRIPTOMIC,SINGLE,0,0,ILLUMINA,Illumina Genome Analyzer II,SRP001537,PRJNA168994,2,168994,SRS008449,SAMN00006275,simple,7227,Drosophila melanogaster,GSM461179,,,,,,,no,,,,,GEO,SRA010243,,public,2CE463F166DEC2CFE0C5D618A438F0D5,921D2A455039312D281CA58B0E05A687
SRR031720,"Dec 18, 2009","May 26, 2014",6591533,296618985,0,45,158,,http://sra-download.ncbi.nlm.nih.gov/srapub/SRR031720,SRX014461,S2_DRSC_CG8144_RNAi-1,RNA-Seq,cDNA,TRANSCRIPTOMIC,SINGLE,0,0,ILLUMINA,Illumina Genome Analyzer II,SRP001537,PRJNA168994,2,168994,SRS008449,SAMN00006275,simple,7227,Drosophila melanogaster,GSM461179,,,,,,,no,,,,,GEO,SRA010243,,public,4366F42778B7A49FCD0BAA1EEC42A059,F8CFF4FBE9D58884794061BEAEF1DE85
SRR031721,"Dec 16, 2009","May 26, 2014",6769036,304606620,0,45,159,,http://sra-download.ncbi.nlm.nih.gov/srapub/SRR031721,SRX014461,S2_DRSC_CG8144_RNAi-1,RNA-Seq,cDNA,TRANSCRIPTOMIC,SINGLE,0,0,ILLUMINA,Illumina Genome Analyzer II,SRP001537,PRJNA168994,2,168994,SRS008449,SAMN00006275,simple,7227,Drosophila melanogaster,GSM461179,,,,,,,no,,,,,GEO,SRA010243,,public,98AF1BC8C7FDCADF480EA2D0939F52DE,292E59CA0B2DF11C1F461232B57B916A
SRR031722,"Dec 16, 2009","May 26, 2014",6197681,278895645,0,45,144,,http://sra-download.ncbi.nlm.nih.gov/srapub/SRR031722,SRX014461,S2_DRSC_CG8144_RNAi-1,RNA-Seq,cDNA,TRANSCRIPTOMIC,SINGLE,0,0,ILLUMINA,Illumina Genome Analyzer II,SRP001537,PRJNA168994,2,168994,SRS008449,SAMN00006275,simple,7227,Drosophila melanogaster,GSM461179,,,,,,,no,,,,,GEO,SRA010243,,public,09A78E8D26C4E972BC538B63218D9720,800FDBBCC1AB263A149C7CBA1813CA9F
SRR031723,"Dec 18, 2009","May 26, 2014",4565268,182610720,0,40,95,,http://sra-download.ncbi.nlm.nih.gov/srapub/SRR031723,SRX014461,S2_DRSC_CG8144_RNAi-1,RNA-Seq,cDNA,TRANSCRIPTOMIC,SINGLE,0,0,ILLUMINA,Illumina Genome Analyzer II,SRP001537,PRJNA168994,2,168994,SRS008449,SAMN00006275,simple,7227,Drosophila melanogaster,GSM461179,,,,,,,no,,,,,GEO,SRA010243,,public,42E52BAE2DCA7D64F5230EA4ECD5F7B3,73913281A47EEE992DE768671DC7AF1D
SRR031724,"Jan 15, 2010","May 26, 2014",5962418,441218932,5962418,74,234,,http://sra-download.ncbi.nlm.nih.gov/srapub/SRR031724,SRX014462,S2_DRSC_CG8144_RNAi-3,RNA-Seq,cDNA,TRANSCRIPTOMIC,PAIRED,200,0,ILLUMINA,Illumina Genome Analyzer II,SRP001537,PRJNA168994,2,168994,SRS008450,SAMN00006276,simple,7227,Drosophila melanogaster,GSM461180,,,,,,,no,,,,,GEO,SRA010243,,public,BEE6C2971972BF2C34AD37B7B21F8032,65BF6E5FEF214FD74F8BD3E957CEE638
SRR031725,"Jan 15, 2010","May 26, 2014",6301052,466277848,6301052,74,250,,http://sra-download.ncbi.nlm.nih.gov/srapub/SRR031725,SRX014462,S2_DRSC_CG8144_RNAi-3,RNA-Seq,cDNA,TRANSCRIPTOMIC,PAIRED,200,0,ILLUMINA,Illumina Genome Analyzer II,SRP001537,PRJNA168994,2,168994,SRS008450,SAMN00006276,simple,7227,Drosophila melanogaster,GSM461180,,,,,,,no,,,,,GEO,SRA010243,,public,1B9C9B8FC8CC97748C46D5299B2F38D1,948AB41F2647466DCD3674A4314ECA52
SRR031726,"Jan 15, 2010","May 26, 2014",6372581,471570994,6372581,74,223,,http://sra-download.ncbi.nlm.nih.gov/srapub/SRR031726,SRX014463,S2_DRSC_CG8144_RNAi-4,RNA-Seq,cDNA,TRANSCRIPTOMIC,PAIRED,200,0,ILLUMINA,Illumina Genome Analyzer II,SRP001537,PRJNA168994,2,168994,SRS008451,SAMN00006277,simple,7227,Drosophila melanogaster,GSM461181,,,,,,,no,,,,,GEO,SRA010243,,public,439E4636C11489A7FA57AEF23F18194F,6D7180C45A814A3C01DA21FDCCB7C3E8
SRR031727,"Jan 15, 2010","May 26, 2014",6094577,450998698,6094577,74,199,,http://sra-download.ncbi.nlm.nih.gov/srapub/SRR031727,SRX014463,S2_DRSC_CG8144_RNAi-4,RNA-Seq,cDNA,TRANSCRIPTOMIC,PAIRED,200,0,ILLUMINA,Illumina Genome Analyzer II,SRP001537,PRJNA168994,2,168994,SRS008451,SAMN00006277,simple,7227,Drosophila melanogaster,GSM461181,,,,,,,no,,,,,GEO,SRA010243,,public,612278D0F9DE6893B29E9132B30B6B2F,60BF539958394B6C9099CE8A567B5DB4
SRR031728,"Dec 16, 2009","May 26, 2014",4988862,374164650,0,75,259,,http://sra-download.ncbi.nlm.nih.gov/srapub/SRR031728,SRX014464,S2_DRSC_Untreated-6,RNA-Seq,cDNA,TRANSCRIPTOMIC,SINGLE,0,0,ILLUMINA,Illumina Genome Analyzer II,SRP001537,PRJNA168994,2,168994,SRS008452,SAMN00006278,simple,7227,Drosophila melanogaster,GSM461182,,,,,,,no,,,,,GEO,SRA010243,,public,BACCC74111B56CEBDFCCC2E6D32E0A75,1C3DCD59271D92FBF6EA1E4F4B9F49F0
SRR031729,"Dec 16, 2009","May 26, 2014",12824004,961800300,0,75,666,,http://sra-download.ncbi.nlm.nih.gov/srapub/SRR031729,SRX014464,S2_DRSC_Untreated-6,RNA-Seq,cDNA,TRANSCRIPTOMIC,SINGLE,0,0,ILLUMINA,Illumina Genome Analyzer II,SRP001537,PRJNA168994,2,168994,SRS008452,SAMN00006278,simple,7227,Drosophila melanogaster,GSM461182,,,,,,,no,,,,,GEO,SRA010243,,public,B5A2F4B44515D8A6FD95DC561E9FA5C4,22FA73334714A0D428A7A4F13B5CC6A2
SRR031730,"Dec 16, 2009","May 26, 2014",4640549,348041175,0,75,243,,http://sra-download.ncbi.nlm.nih.gov/srapub/SRR031730,SRX014465,S2_DRSC_CG6946_RNAi-1,RNA-Seq,cDNA,TRANSCRIPTOMIC,SINGLE,0,0,ILLUMINA,Illumina Genome Analyzer II,SRP001537,PRJNA168994,2,168994,SRS008453,SAMN00006279,simple,7227,Drosophila melanogaster,GSM461183,,,,,,,no,,,,,GEO,SRA010243,,public,CBC02921B91A86E47159F6579E9E0D88,002D0269A289AB66EB06AADBC13F95A8
SRR031731,"Dec 16, 2009","May 26, 2014",9265856,694939200,0,75,475,,http://sra-download.ncbi.nlm.nih.gov/srapub/SRR031731,SRX014465,S2_DRSC_CG6946_RNAi-1,RNA-Seq,cDNA,TRANSCRIPTOMIC,SINGLE,0,0,ILLUMINA,Illumina Genome Analyzer II,SRP001537,PRJNA168994,2,168994,SRS008453,SAMN00006279,simple,7227,Drosophila melanogaster,GSM461183,,,,,,,no,,,,,GEO,SRA010243,,public,68BB22D52854C4FA4B1A8651BF85DC28,0E2C43F0B5FF2856BECE562AB5D90216
SRR031732,"Dec 16, 2009","May 26, 2014",4582950,343721250,0,75,235,,http://sra-download.ncbi.nlm.nih.gov/srapub/SRR031732,SRX014466,S2_DRSC_CG9373_RNAi-1,RNA-Seq,cDNA,TRANSCRIPTOMIC,SINGLE,0,0,ILLUMINA,Illumina Genome Analyzer II,SRP001537,PRJNA168994,2,168994,SRS008454,SAMN00006280,simple,7227,Drosophila melanogaster,GSM461184,,,,,,,no,,,,,GEO,SRA010243,,public,943251FEB5456028929E5C9AB2782D3D,03C845C7EEB44CAAB617CE74977335A5
SRR031733,"Dec 16, 2009","May 26, 2014",10951832,821387400,0,75,570,,http://sra-download.ncbi.nlm.nih.gov/srapub/SRR031733,SRX014466,S2_DRSC_CG9373_RNAi-1,RNA-Seq,cDNA,TRANSCRIPTOMIC,SINGLE,0,0,ILLUMINA,Illumina Genome Analyzer II,SRP001537,PRJNA168994,2,168994,SRS008454,SAMN00006280,simple,7227,Drosophila melanogaster,GSM461184,,,,,,,no,,,,,GEO,SRA010243,,public,DC26E28D92E534EC0C10666DA9C10A96,DE12F7555BD09266ACF4B4AC17E50513
SRR031734,"Dec 16, 2009","May 26, 2014",4362180,327163500,0,75,219,,http://sra-download.ncbi.nlm.nih.gov/srapub/SRR031734,SRX014467,S2_DRSC_CG5099_RNAi-1,RNA-Seq,cDNA,TRANSCRIPTOMIC,SINGLE,0,0,ILLUMINA,Illumina Genome Analyzer II,SRP001537,PRJNA168994,2,168994,SRS008455,SAMN00006281,simple,7227,Drosophila melanogaster,GSM461185,,,,,,,no,,,,,GEO,SRA010243,,public,B8CED046772EFC55DC5F2218E21F0F97,481C2A4919FF7BCE22BEBBD7376B5C20
SRR031735,"Dec 16, 2009","May 26, 2014",9016978,676273350,0,75,464,,http://sra-download.ncbi.nlm.nih.gov/srapub/SRR031735,SRX014467,S2_DRSC_CG5099_RNAi-1,RNA-Seq,cDNA,TRANSCRIPTOMIC,SINGLE,0,0,ILLUMINA,Illumina Genome Analyzer II,SRP001537,PRJNA168994,2,168994,SRS008455,SAMN00006281,simple,7227,Drosophila melanogaster,GSM461185,,,,,,,no,,,,,GEO,SRA010243,,public,F52F2A11922781AC4A5D3133E251E3A3,6D1BAC04C9F1B7E03CB0D393616F2B7E
SRR031736,"Dec 16, 2009","May 26, 2014",4158247,311868525,0,75,203,,http://sra-download.ncbi.nlm.nih.gov/srapub/SRR031736,SRX014468,S2_DRSC_CG9983_RNAi-1,RNA-Seq,cDNA,TRANSCRIPTOMIC,SINGLE,0,0,ILLUMINA,Illumina Genome Analyzer II,SRP001537,PRJNA168994,2,168994,SRS008456,SAMN00006282,simple,7227,Drosophila melanogaster,GSM461186,,,,,,,no,,,,,GEO,SRA010243,,public,5E679677172306A1DF28E75B64F70935,597056E3F8043ADC5BD15F66E1C09C0D
SRR031737,"Dec 16, 2009","May 26, 2014",9142216,685666200,0,75,475,,http://sra-download.ncbi.nlm.nih.gov/srapub/SRR031737,SRX014468,S2_DRSC_CG9983_RNAi-1,RNA-Seq,cDNA,TRANSCRIPTOMIC,SINGLE,0,0,ILLUMINA,Illumina Genome Analyzer II,SRP001537,PRJNA168994,2,168994,SRS008456,SAMN00006282,simple,7227,Drosophila melanogaster,GSM461186,,,,,,,no,,,,,GEO,SRA010243,,public,5C279EA5169687C2893BE7C06DDBD218,71DFF9031FD3EBCE1F05A135EE1F00A6
SRR031738,"Dec 16, 2009","May 26, 2014",4559037,341927775,0,75,229,,http://sra-download.ncbi.nlm.nih.gov/srapub/SRR031738,SRX014469,S2_DRSC_CG12749_RNAi-1,RNA-Seq,cDNA,TRANSCRIPTOMIC,SINGLE,0,0,ILLUMINA,Illumina Genome Analyzer II,SRP001537,PRJNA168994,2,168994,SRS008457,SAMN00006283,simple,7227,Drosophila melanogaster,GSM461187,,,,,,,no,,,,,GEO,SRA010243,,public,56436FDB1806DB39EDDDCFB71CC6785F,A2557521C6F583D90837FB79C7E36A20
SRR031739,"Dec 16, 2009","May 26, 2014",9092228,681917100,0,75,479,,http://sra-download.ncbi.nlm.nih.gov/srapub/SRR031739,SRX014469,S2_DRSC_CG12749_RNAi-1,RNA-Seq,cDNA,TRANSCRIPTOMIC,SINGLE,0,0,ILLUMINA,Illumina Genome Analyzer II,SRP001537,PRJNA168994,2,168994,SRS008457,SAMN00006283,simple,7227,Drosophila melanogaster,GSM461187,,,,,,,no,,,,,GEO,SRA010243,,public,476413205D1EC2285E87F6C0DBC2684F,E34DAAAA500F3FA2927A0E13483E171A
SRR031740,"Dec 16, 2009","May 26, 2014",4908790,368159250,0,75,258,,http://sra-download.ncbi.nlm.nih.gov/srapub/SRR031740,SRX014470,S2_DRSC_CG17838_RNAi-1,RNA-Seq,cDNA,TRANSCRIPTOMIC,SINGLE,0,0,ILLUMINA,Illumina Genome Analyzer II,SRP001537,PRJNA168994,2,168994,SRS008458,SAMN00006284,simple,7227,Drosophila melanogaster,GSM461188,,,,,,,no,,,,,GEO,SRA010243,,public,9C6922158F9181F157BC42FF1818F825,D2E898DD5AAA1D2FF545B8F890C4DA69
SRR031741,"Dec 16, 2009","May 26, 2014",9015916,676193700,0,75,471,,http://sra-download.ncbi.nlm.nih.gov/srapub/SRR031741,SRX014470,S2_DRSC_CG17838_RNAi-1,RNA-Seq,cDNA,TRANSCRIPTOMIC,SINGLE,0,0,ILLUMINA,Illumina Genome Analyzer II,SRP001537,PRJNA168994,2,168994,SRS008458,SAMN00006284,simple,7227,Drosophila melanogaster,GSM461188,,,,,,,no,,,,,GEO,SRA010243,,public,9743B04907F659934898B423F9794703,BF32188055E48C2C7A39B50355A3C1B0
SRR031742,"Dec 16, 2009","May 26, 2014",5436686,407751450,0,75,282,,http://sra-download.ncbi.nlm.nih.gov/srapub/SRR031742,SRX014471,S2_DRSC_CG16901_RNAi-1,RNA-Seq,cDNA,TRANSCRIPTOMIC,SINGLE,0,0,ILLUMINA,Illumina Genome Analyzer II,SRP001537,PRJNA168994,2,168994,SRS008459,SAMN00006285,simple,7227,Drosophila melanogaster,GSM461189,,,,,,,no,,,,,GEO,SRA010243,,public,1E4A84E3A80278212864F1F0097A233A,295F9A3434EABE58CB11659980ADBDEB
SRR031743,"Dec 16, 2009","May 26, 2014",8841916,663143700,0,75,452,,http://sra-download.ncbi.nlm.nih.gov/srapub/SRR031743,SRX014471,S2_DRSC_CG16901_RNAi-1,RNA-Seq,cDNA,TRANSCRIPTOMIC,SINGLE,0,0,ILLUMINA,Illumina Genome Analyzer II,SRP001537,PRJNA168994,2,168994,SRS008459,SAMN00006285,simple,7227,Drosophila melanogaster,GSM461189,,,,,,,no,,,,,GEO,SRA010243,,public,F029DFFAE389D0A7ED04D4BA5231F1B7,B93BF3E3347298A17F5A5F7F9E9EF58B
SRR031744,"Dec 16, 2009","May 26, 2014",4998562,374892150,0,75,253,,http://sra-download.ncbi.nlm.nih.gov/srapub/SRR031744,SRX014472,S2_DRSC_CG13425_RNAi-1,RNA-Seq,cDNA,TRANSCRIPTOMIC,SINGLE,0,0,ILLUMINA,Illumina Genome Analyzer II,SRP001537,PRJNA168994,2,168994,SRS008460,SAMN00006286,simple,7227,Drosophila melanogaster,GSM461190,,,,,,,no,,,,,GEO,SRA010243,,public,3BE33F2E83515918B9194816240BAAE3,4AAAA6B5FBC9630D2DB3A08E4DD4EC54
SRR031745,"Dec 16, 2009","May 26, 2014",7542113,565658475,0,75,383,,http://sra-download.ncbi.nlm.nih.gov/srapub/SRR031745,SRX014472,S2_DRSC_CG13425_RNAi-1,RNA-Seq,cDNA,TRANSCRIPTOMIC,SINGLE,0,0,ILLUMINA,Illumina Genome Analyzer II,SRP001537,PRJNA168994,2,168994,SRS008460,SAMN00006286,simple,7227,Drosophila melanogaster,GSM461190,,,,,,,no,,,,,GEO,SRA010243,,public,2CF267ACAF4C9CF536B4BF9A352E059E,6476FF53E3BA6CAB3D4A6DF7CC39901F
SRR031746,"Dec 16, 2009","May 26, 2014",6187015,464026125,0,75,315,,http://sra-download.ncbi.nlm.nih.gov/srapub/SRR031746,SRX014473,S2_DRSC_CG30122_RNAi-1,RNA-Seq,cDNA,TRANSCRIPTOMIC,SINGLE,0,0,ILLUMINA,Illumina Genome Analyzer II,SRP001537,PRJNA168994,2,168994,SRS008461,SAMN00006287,simple,7227,Drosophila melanogaster,GSM461191,,,,,,,no,,,,,GEO,SRA010243,,public,32BA29C5D0B23896779531B86E3C395C,7802A97F35BDBCAFE16FFF3CFE9B6B59
SRR031747,"Dec 16, 2009","May 26, 2014",10610729,795804675,0,75,544,,http://sra-download.ncbi.nlm.nih.gov/srapub/SRR031747,SRX014473,S2_DRSC_CG30122_RNAi-1,RNA-Seq,cDNA,TRANSCRIPTOMIC,SINGLE,0,0,ILLUMINA,Illumina Genome Analyzer II,SRP001537,PRJNA168994,2,168994,SRS008461,SAMN00006287,simple,7227,Drosophila melanogaster,GSM461191,,,,,,,no,,,,,GEO,SRA010243,,public,21BE5C66B6395F73D9B8E6CA2E1F0DFC,B7AA168C5D7DBDD1F1795037E570D6DE
SRR031748,"Dec 16, 2009","May 26, 2014",5452203,408915225,0,75,279,,http://sra-download.ncbi.nlm.nih.gov/srapub/SRR031748,SRX014474,S2_DRSC_CG4602_RNAi-1,RNA-Seq,cDNA,TRANSCRIPTOMIC,SINGLE,0,0,ILLUMINA,Illumina Genome Analyzer II,SRP001537,PRJNA168994,2,168994,SRS008462,SAMN00006288,simple,7227,Drosophila melanogaster,GSM461192,,,,,,,no,,,,,GEO,SRA010243,,public,68E63D0C90C8417935D860E1FE59925C,9FE6A60942C95FDBAC2C4DAB2ADDE78D
SRR031749,"Dec 16, 2009","May 26, 2014",9369214,702691050,0,75,485,,http://sra-download.ncbi.nlm.nih.gov/srapub/SRR031749,SRX014474,S2_DRSC_CG4602_RNAi-1,RNA-Seq,cDNA,TRANSCRIPTOMIC,SINGLE,0,0,ILLUMINA,Illumina Genome Analyzer II,SRP001537,PRJNA168994,2,168994,SRS008462,SAMN00006288,simple,7227,Drosophila melanogaster,GSM461192,,,,,,,no,,,,,GEO,SRA010243,,public,999F70A052828DFAB27AF2376D867356,F74EA40D9940D424755D86152204DA4D
SRR031750,"Dec 16, 2009","May 26, 2014",4524312,339323400,0,75,230,,http://sra-download.ncbi.nlm.nih.gov/srapub/SRR031750,SRX014475,S2_DRSC_CG5655_RNAi-1,RNA-Seq,cDNA,TRANSCRIPTOMIC,SINGLE,0,0,ILLUMINA,Illumina Genome Analyzer II,SRP001537,PRJNA168994,2,168994,SRS008463,SAMN00006289,simple,7227,Drosophila melanogaster,GSM461193,,,,,,,no,,,,,GEO,SRA010243,,public,B79B578E946EDDF1B490C564AD0AE654,95491ACBC2D14F414984321CAF56B0BF
SRR031751,"Dec 16, 2009","May 26, 2014",8493878,637040850,0,75,438,,http://sra-download.ncbi.nlm.nih.gov/srapub/SRR031751,SRX014475,S2_DRSC_CG5655_RNAi-1,RNA-Seq,cDNA,TRANSCRIPTOMIC,SINGLE,0,0,ILLUMINA,Illumina Genome Analyzer II,SRP001537,PRJNA168994,2,168994,SRS008463,SAMN00006289,simple,7227,Drosophila melanogaster,GSM461193,,,,,,,no,,,,,GEO,SRA010243,,public,E9112DD9D1A7DA1B6B4D26707B90F398,809D17185BA05A7DCD1E7F818B7E4421
SRR031752,"Dec 16, 2009","May 26, 2014",7843046,588228450,0,75,392,,http://sra-download.ncbi.nlm.nih.gov/srapub/SRR031752,SRX014476,S2_DRSC_CG1987_RNAi-1,RNA-Seq,cDNA,TRANSCRIPTOMIC,SINGLE,0,0,ILLUMINA,Illumina Genome Analyzer II,SRP001537,PRJNA168994,2,168994,SRS008464,SAMN00006290,simple,7227,Drosophila melanogaster,GSM461194,,,,,,,no,,,,,GEO,SRA010243,,public,FB6F02EAE21E93D62BCFA60913EA8EA4,0559FEBD68348D6F303E7B2CC869CA8F
SRR031753,"Dec 16, 2009","May 26, 2014",9724993,729374475,0,75,516,,http://sra-download.ncbi.nlm.nih.gov/srapub/SRR031753,SRX014476,S2_DRSC_CG1987_RNAi-1,RNA-Seq,cDNA,TRANSCRIPTOMIC,SINGLE,0,0,ILLUMINA,Illumina Genome Analyzer II,SRP001537,PRJNA168994,2,168994,SRS008464,SAMN00006290,simple,7227,Drosophila melanogaster,GSM461194,,,,,,,no,,,,,GEO,SRA010243,,public,656CF4424F9F7F64DB58A79AD75F4D17,78FC4EFDC41AF610282DA8CE4F9C413D
SRR031754,"Dec 16, 2009","May 26, 2014",7820883,586566225,0,75,403,,http://sra-download.ncbi.nlm.nih.gov/srapub/SRR031754,SRX014477,S2_DRSC_CG10203_RNAi-1,RNA-Seq,cDNA,TRANSCRIPTOMIC,SINGLE,0,0,ILLUMINA,Illumina Genome Analyzer II,SRP001537,PRJNA168994,2,168994,SRS008465,SAMN00006291,simple,7227,Drosophila melanogaster,GSM461195,,,,,,,no,,,,,GEO,SRA010243,,public,E84CDF68B6309DC87714AA28DBD2D30E,E3CF635C66B9C278E6E9B10B6EAFF47F
SRR031755,"Dec 16, 2009","May 26, 2014",12219625,916471875,0,75,645,,http://sra-download.ncbi.nlm.nih.gov/srapub/SRR031755,SRX014477,S2_DRSC_CG10203_RNAi-1,RNA-Seq,cDNA,TRANSCRIPTOMIC,SINGLE,0,0,ILLUMINA,Illumina Genome Analyzer II,SRP001537,PRJNA168994,2,168994,SRS008465,SAMN00006291,simple,7227,Drosophila melanogaster,GSM461195,,,,,,,no,,,,,GEO,SRA010243,,public,89B4167DF95674823B01C2C708A76EBD,856007A963FE629B64D4DE94B19ED55E
SRR031756,"Dec 16, 2009","May 26, 2014",7218850,541413750,0,75,364,,http://sra-download.ncbi.nlm.nih.gov/srapub/SRR031756,SRX014478,S2_DRSC_CG17136_RNAi-1,RNA-Seq,cDNA,TRANSCRIPTOMIC,SINGLE,0,0,ILLUMINA,Illumina Genome Analyzer II,SRP001537,PRJNA168994,2,168994,SRS008466,SAMN00006292,simple,7227,Drosophila melanogaster,GSM461196,,,,,,,no,,,,,GEO,SRA010243,,public,FDC1E2C7E190B04FF915543A97C114D0,A3AC22A84A3638EC4D49DDF7526EBD54
SRR031757,"Dec 16, 2009","May 26, 2014",11661577,874618275,0,75,606,,http://sra-download.ncbi.nlm.nih.gov/srapub/SRR031757,SRX014478,S2_DRSC_CG17136_RNAi-1,RNA-Seq,cDNA,TRANSCRIPTOMIC,SINGLE,0,0,ILLUMINA,Illumina Genome Analyzer II,SRP001537,PRJNA168994,2,168994,SRS008466,SAMN00006292,simple,7227,Drosophila melanogaster,GSM461196,,,,,,,no,,,,,GEO,SRA010243,,public,95C2B4A3F82F22E7E9EFA32289ACFA4B,03538FD5339B721371E59C76294C0561
SRR074420,"Dec 03, 2010","May 29, 2014",20937070,1591217320,0,76,879,,http://sra-download.ncbi.nlm.nih.gov/srapub/SRR074420,SRX014472,S2_DRSC_CG13425_RNAi-1,RNA-Seq,cDNA,TRANSCRIPTOMIC,SINGLE,0,0,ILLUMINA,Illumina Genome Analyzer II,SRP001537,PRJNA168994,2,168994,SRS008460,SAMN00006286,simple,7227,Drosophila melanogaster,GSM461190,,,,,,,no,,,,,GEO,SRA010243,,public,B0A594BC57C4ECF3572314A8E4CBE10D,3BC5217FBB7831DD02076E23963463C9
SRR074421,"Dec 03, 2010","May 29, 2014",26715612,2030386512,0,76,1189,,http://sra-download.ncbi.nlm.nih.gov/srapub/SRR074421,SRX014475,S2_DRSC_CG5655_RNAi-1,RNA-Seq,cDNA,TRANSCRIPTOMIC,SINGLE,0,0,ILLUMINA,Illumina Genome Analyzer II,SRP001537,PRJNA168994,2,168994,SRS008463,SAMN00006289,simple,7227,Drosophila melanogaster,GSM461193,,,,,,,no,,,,,GEO,SRA010243,,public,C54983810F97D3AADEDD3E7A94BA3F7A,C55E6232F7448E56CFC1BA1AA8784C58

